"ID","Pillar","Title","Primary Keyword","Secondary Keywords","Funnel Stage","Item Type","Audience","Language","Roadmap-Dependent","Description"
"1","Wkb filings","Dossier bevoegd gezag bij gereedmelding: de complete checklist voor gevolgklasse 1","dossier bevoegd gezag","gereedmelding dossier; dossier bevoegd gezag inhoud; wkb opleverdossier eisen","BoFu","How-to","Aannemer","NL","N","Bij gereedmelding moet het dossier bevoegd gezag compleet zijn - inclusief verklaring kwaliteitsborger en bewijslast per borgingsmoment - en een onvolledig dossier blokkeert de ingebruikname van het bouwwerk. BimDossier hanteert een dossier-readiness checklist per bouwwerktype met %-completie-gating, en genereert de verklaring kwaliteitsborger en de dossier-bevoegd-gezag-PDF automatisch, zodat je bij gereedmelding direct een indienbaar pakket hebt."
"2","BBL technical","Van Bouwbesluit naar BBL: wat er veranderde en waar je de eisen nu vindt","bouwbesluit vs bbl","besluit bouwwerken leefomgeving; bbl uitleg; omgevingswet bouweisen","ToFu","Educational","Architect","NL","N","Veel professionals zoeken nog op ‘Bouwbesluit’ terwijl de eisen sinds de Omgevingswet in het BBL staan. Deze gids overbrugt de oude en nieuwe term en wijst de weg naar de actuele eisen. BimDossier toetst die BBL-eisen model-based: rulepacks per framework draaien over het IFC-model en geven overtredingen per element. Feature: BBL/Wkb-compliance-engine."
"3","Wkb filings","Wkb compliance vs. snagging-software: waarom een 3D IFC-viewer het verschil maakt in je opleverdossier","wkb software","kwaliteitsborging software; ifc viewer wkb; snagging software wkb dossier","BoFu","Comparison","BIM-manager","NL","N","Klassieke snagging-tools pinnen bevindingen op een 2D-tekening, maar koppelen die niet aan het BIM-model of aan de Wkb-bewijslast - waardoor het opleverdossier losse foto's blijft zonder modelcontext. BimDossier verankert elke bevinding via global_id aan het IFC-element in een federated 3D-viewer (storey-isolatie, sectievlakken, floor-plan split view) én voedt diezelfde bevindingen in de borgingsplan- en dossier-checklist, zodat veldcontrole en compliance-dossier één geheel zijn in plaats van twee systemen."
"4","openBIM literacy","Importing IFC from Revit, Archicad and Tekla: getting clean models into a federated viewer","import ifc revit archicad","ifc export settings; bimcollab ifc; federated ifc import; ifc interoperability","MoFu","How-to","BIM-manager","EN","N","Before adopting any platform, BIM managers ask whether their IFC exports from Revit, Archicad or Tekla will load cleanly. This guide covers export settings and common import pitfalls. BimDossier ingests standard IFC (and .ifcZIP), detects the schema on upload, and federates multi-discipline models from any authoring tool into one viewer scene. Feature: IFC extraction pipeline + federated 3D viewer."
"5","PDF<->IFC docs","Mobiel snaggen op de bouwplaats met het model in je broekzak: PDF-tekening en IFC samen op je telefoon","mobiel snaggen bouwplaats bim","snagging app ifc viewer; bevindingen vastleggen mobiel; mobiele inspectie bouw wkb","MoFu","Problem->Solution","Kwaliteitsborger","NL","N","Inspecteurs lopen rond met een papieren of PDF-tekening en noteren bevindingen die later moeizaam aan het model en aan een Wkb-borgingsmoment moeten worden gekoppeld. BimDossier biedt een mobiele inspectie-app (RN/Expo) met de embedded 3D-viewer, zodat je on-site een bevinding direct aan het juiste IFC-element prikt met foto-bewijs en severity. Offline-first sync is de volgende stap die we bouwen voor plekken zonder dekking; vandaag staat de bevinding meteen in hetzelfde dossierspoor als je 2D-tekeningen."
"6","Ops & digital","Digitalisering van kwaliteitsborging: van papieren keuringslijsten naar een live dossier bevoegd gezag","digitalisering kwaliteitsborging bouw","papierloos werken bouwproject; digitaal kwaliteitsdossier; kwaliteitsborging proces digitaliseren; opleverdossier digitaal","MoFu","Problem->Solution","Aannemer","NL","N","Veel aannemers houden kwaliteitsborging nog bij in losse Excel-keuringslijsten en mappen met foto's, waardoor het samenstellen van het dossier bevoegd gezag aan het eind van het project handwerk en gokwerk is. BimDossier maakt het proces papierloos met een dossier-gereedheids-checklist (template per gebouwtype/jurisdictie) die met een voltooiingspercentage stuurt op wat nog ontbreekt, gevoed door bevindingen, certificaten en automatisch gegenereerde compliance-PDF's. Specifieke feature: dossier readiness checklist met %-gating + auto-gegenereerde rapport-PDF's."
"7","Quantity takeoff","Garbage in, garbage out: 7 modelfouten die je IFC quantity takeoff onbruikbaar maken","ifc quantity takeoff","model data quality ifc; slechte ifc export hoeveelheden; ontbrekende property sets; fouten ifc takeoff","MoFu","Problem->Solution","BIM-manager","NL","Y","Een takeoff op een slecht model levert verkeerde hoeveelheden: ontbrekende base quantities, elementen die alleen in IfcRelAggregates zitten en niet in de ruimtelijke structuur, of objecten zonder GlobalId vallen stilletjes weg. BimDossier maakt deze gaten zichtbaar omdat de extractie zowel containment (IfcRelContainedInSpatialStructure) als decomposed parts via aggregatie meeneemt en per element toont welke psets en quantities wel/niet aanwezig zijn, plus elementtellingen per IFC-klasse. De feature: de extractiepijplijn met element counts + het properties-paneel dat ontbrekende sets per element blootlegt."
"8","Wkb filings","Bouwmelding en gereedmelding indienen via het Omgevingsloket: stap voor stap","bouwmelding omgevingsloket","gereedmelding indienen; omgevingsloket wkb; melding omgevingswet bouw","MoFu","How-to","Aannemer","NL","N","De bouw- en gereedmelding worden via het Omgevingsloket ingediend, maar de procedure en de juiste bijlagen laten veel aannemers struikelen. Deze how-to loopt de indiening na. BimDossier levert het indienbare pakket: een dossier-readiness checklist die de vereiste documenten per melding bewaakt en auto-gegenereerde PDF’s (borgingsplan, verklaring kwaliteitsborger, dossier bevoegd gezag). Feature: dossier-checklist + auto-PDF + deadline tracker."
"9","Dossier & handover","Het dossier bevoegd gezag opbouwen vanuit je IFC-model in plaats van losse mappen","dossier bevoegd gezag opbouwen uit ifc","dossier bevoegd gezag samenstellen; BIM opleverdossier; IFC dossier Wkb; dossier bevoegd gezag inhoud","BoFu","Problem->Solution","BIM-manager","NL","N","BIM-managers leveren rijke IFC-modellen op, maar het dossier bevoegd gezag wordt nog steeds met de hand samengesteld uit losse tekeningen en exports, los van het model. Dit artikel laat zien hoe BimDossier het dossier koppelt aan de bron: bevindingen en bewijs zijn via global_id verankerd aan IFC-elementen in de 3D-viewer en stromen samen met de dossier-checklist tot een traceerbaar, modelgebaseerd dossier bevoegd gezag."
"10","BIM for QA","Welke IFC-data heeft een kwaliteitsborger nodig? Een IDS-praktijkgids voor Wkb-klaar modelleren","ifc data kwaliteitsborging","ids information delivery specification wkb; ifc modelleereisen borging; model validation wkb; classificatie nl-sfb borging","ToFu","Educational","BIM-manager","Both","N","De uitdaging: BIM-managers leveren rijke IFC-modellen aan, maar weten niet welke properties, classificatie (NL/SfB, Uniclass) en datakwaliteit een kwaliteitsborger nodig heeft om model-based te kunnen borgen — met half-bruikbare modellen als gevolg. Dit legt uit hoe je via IDS (Information Delivery Specification) modelleereisen vastlegt zodat elementen koppelbaar zijn aan risico's en borgingsmomenten. BimDossier consumeert die IFC-modellen in de 3D-viewer en verankert bevindingen op global_id, dus een IDS-conform model maakt de borging direct uitvoerbaar in plaats van een handmatige opschoonslag."
"11","BBL technical","BENG en thermische schil controleren vanuit het IFC-model: Rc-waarden en kozijnen per element","beng eisen controleren","thermische isolatie bbl; rc waarde toetsing; beng bim model; kozijn isolatie eisen","MoFu","Problem->Solution","BIM-manager","NL","N","BENG- en isolatie-eisen verlangen dat dak, vloer, gevel en kozijnen de juiste thermische prestatie halen, maar die properties zitten verspreid in het model en worden zelden systematisch gecontroleerd. BimDossier draait de duurzaamheidsregels (dak-, vloer-, gevel- en raamisolatie) uit de compliance-engine over de IFC-properties en signaleert elementen die onder de eis vallen. De BIM-manager ziet zo of het aangeleverde model uberhaupt toetsbaar is op thermische data."
"12","BCF collaboration","Federated Model Review in Practice: Coordinating Architecture, Structure and MEP Without Losing Track of Issues","federated model review workflow","federated bim model; multi discipline model review; ifc model coordination; openbim federated viewer","MoFu","How-to","BIM-coordinator","EN","N","Reviewing arch, structure and MEP together means juggling multiple IFC files and remembering which discipline owns each problem. BimDossier loads federated multi-discipline models into one scene with storey isolation, display modes and section planes, and lets you drop a finding pin on any element across any model. The how-to walks a review session: isolate a storey, section-cut the slab, pin the conflict to the responsible discipline's element, assign it."
"13","Wkb filings","Wkb-deadlines voor gevolgklasse 1: bouwmelding, informatieplicht en gereedmelding op een rij","wkb deadlines gevolgklasse 1","informatieplicht 2 werkdagen; gereedmelding 10 werkdagen; wkb termijnen overzicht","MoFu","Educational","Aannemer","NL","N","Een gevolgklasse 1-project kent drie harde meldmomenten met verschillende termijnen - bouwmelding (4 wk vooraf), informatieplicht (2 werkdagen voor start) en gereedmelding (10 werkdagen na oplevering) - en het door elkaar halen daarvan leidt tot handhaving of vertraging. BimDossier zet alle drie de termijnen automatisch om in concrete kalenderdata via de deadline tracker met werkdag-/feestdaglogica en bewaakt ze met gefaseerde e-mailreminders, zodat het hele meldritme van het project in één tijdlijn staat."
"14","PDF<->IFC docs","PDF-tekeningen naast je IFC-model: waar 2D en 3D elk hun waarde toevoegen op de bouwplaats","2d tekeningen versus bim","pdf tekeningen op de bouwplaats; ifc model uitvoering; 2d 3d bouw documenten","MoFu","Comparison","Werkvoorbereider","NL","N","Op de meeste Nederlandse bouwplaatsen leeft het werk nog op PDF-tekeningen terwijl de coordinatie in een IFC-model gebeurt, waardoor uitvoerders twee gescheiden waarheden bijhouden. Dit artikel laat per fase zien wanneer 2D (snelle maatvoering, detaillering, plotten) en wanneer 3D (clash-overzicht, ruimtelijk inzicht) wint. BimDossier lost de splitsing op door beide in een omgeving te tonen: de 3D IFC-viewer (ThatOpen + Three.js) met floor-plan 2D en split view, zodat de werkvoorbereider niet hoeft te kiezen tussen tekening en model."
"15","Ops & digital","Wat faalkosten in de bouw écht kosten — en hoe digitale kwaliteitsborging ze terugdringt","faalkosten bouw verminderen","kosten van herstelwerk bouw; faalkosten percentage bouw; rework kosten reduceren; kwaliteitsborging faalkosten","ToFu","Educational","Aannemer","NL","N","Faalkosten lopen in de Nederlandse bouw op tot 10-15% van de omzet, grotendeels door herstelwerk dat te laat wordt ontdekt en bevindingen die niet traceerbaar zijn naar een element of verantwoordelijke. Dit artikel legt de kostenstructuur uit en laat zien hoe BimDossier herstelkosten verlaagt door bevindingen met severity, toegewezen eigenaar en foto-bewijs vast te pinnen aan een IFC-element (global_id) in de 3D-viewer, zodat een gebrek meteen wordt gelokaliseerd in plaats van weken later. Specifieke feature: findings/bevindingen-management met IFC-element-anchoring."
"16","BBL technical","Automated building-code compliance checking on IFC models: how rule packs turn the Dutch BBL into pass/fail results","automated code compliance checking ifc","model based code checking; rule based ifc validation; openbim compliance check; building code rule packs","MoFu","Educational","BIM-manager","EN","N","Teams running openBIM coordination know clash detection but rarely have a path from federated models to actual building-code verdicts. BimDossier expresses code requirements as jurisdiction-scoped rule packs that its compliance engine evaluates against IFC properties and geometry, returning violations per element rather than a generic report. The piece uses the Dutch BBL (fire, structural, thermal, ventilation, usability) as a concrete worked example of model-based code checking that generalizes to other openBIM jurisdictions."
"17","BIM for QA","De viewer als single source of truth: storey-isolatie en sectievlakken inzetten voor Wkb-inspecties","3d ifc viewer inspectie","storey isolatie wkb inspectie; sectievlak ifc kwaliteitscontrole; modelgebaseerde inspectie aannemer; floor plan 2d split view bim","MoFu","How-to","Kwaliteitsborger","NL","N","De uitdaging: inspecteurs lopen de bouw na met losse tekeningen en zien niet snel welk verborgen bouwdeel (constructie, brandscheiding, installatie) achter een afwerking zit, waardoor borgingsmomenten oppervlakkig blijven. BimDossier laat je via de 3D-IFC-viewer een verdieping isoleren, sectievlakken zetten en wisselen tussen floor-plan 2D en split view, met bevindingspins op het exacte element. Deze how-to laat zien hoe je een borgingsmoment voorbereidt en uitvoert door eerst in het model te navigeren en bevindingen direct op het IFC-element vast te leggen, ook mobiel op de bouwplaats via de embedded viewer."
"18","Quantity takeoff","Bouwstoffenlijst en quantity takeoff koppelen aan je Wkb-dossier: van hoeveelheid naar borging","hoeveelheden wkb dossier","bim takeoff wkb; hoeveelheden borgingsplan; model data dossier bevoegd gezag; kwaliteitsborging hoeveelheden","MoFu","Thought-leadership","Kwaliteitsborger","NL","Y","Kwaliteitsborgers en aannemers zien hoeveelheden en dossiervorming als twee aparte werelden, terwijl dezelfde IFC-elementdata beide kan voeden: een element met zijn quantities en eigenschappen is ook het object waaraan een borgingsmoment of bevinding hangt. BimDossier extraheert per element de canonieke eigenschappen die de geautomatiseerde BBL/Wkb-compliancecheck gebruikt, en verankert bevindingen aan datzelfde IFC-element via global_id in de viewer, zodat modeldata, hoeveelheden en borging op hetzelfde object samenkomen. De features: de property-extractie die de compliance-engine voedt plus element-verankerde bevindingen."
"19","openBIM literacy","What Is BCF? How the BIM Collaboration Format Turns Model Clashes Into Trackable Issues","what is BCF BIM collaboration format","BCF 2.1 vs 3.0; BCF vs IFC; BIM issue tracking format; openBIM coordination BCF","ToFu","Educational","BIM-coordinator","EN","N","Coordination issues get lost in email threads and screenshots because clash and quality comments are not attached to the model element they concern, so context evaporates between authoring tools. This guide explains BCF (with the camera viewpoint, element references and comment thread it carries) and the difference between BCF 2.1 and 3.0. BimDossier already anchors findings to a specific IFC element via its global_id with finding pins in the 3D viewer, and BCF 2.1/3.0 import/export is being wired up (roadmap), so issues raised in any openBIM tool will round-trip into the same element-anchored, field-ready workflow."
"20","Dossier & handover","Verklaring kwaliteitsborger: wat het is, wie hem afgeeft en hoe je hem op tijd binnenhaalt","verklaring kwaliteitsborger","verklaring kwaliteitsborger Wkb; gereedmelding verklaring; kwaliteitsborger dossier; dossier bevoegd gezag verklaring","MoFu","Problem->Solution","Kwaliteitsborger","NL","N","Zonder de verklaring van de kwaliteitsborger kan de aannemer geen geldige gereedmelding indienen, maar de borger geeft die pas af als alle borgingsmomenten en bevindingen aantoonbaar zijn afgehandeld. Dit artikel beschrijft het knelpunt en laat zien hoe BimDossier de borger inzicht geeft via de bevindingen-lifecycle (severity, toewijzing, fotobewijs, anchored aan het IFC-element) en de auto-gegenereerde verklaring-kwaliteitsborger-PDF, zodat de verklaring op feiten rust in plaats van vertrouwen."
"21","BBL technical","Ventilatie en daglicht uit het model toetsen: de gezondheids-eisen van het BBL in BIM","ventilatie eisen bouwbesluit","daglicht eisen bbl; spuiventilatie; gezondheid bouwbesluit eisen; ventilatie bim toetsing","MoFu","Educational","Architect","NL","N","De gezondheidsparagraaf van het BBL stelt eisen aan ventilatiecapaciteit, spuiventilatie en daglichttoetreding per verblijfsruimte, wat normaal een aparte berekening per ruimte vergt. BimDossier bevat gezondheidsregels (ventilatie, spuiventilatie, daglicht, verbrandingslucht) die ruimtes en openingen uit het IFC-model toetsen en afwijkende ruimtes markeren. De architect kan vroeg in uitvoering zien welke verblijfsruimtes niet voldoen voordat het een opleverprobleem wordt."
"22","Quantity takeoff","Property sets explained: Pset_ vs Qto_ and what a BIM model must carry before takeoff","ifc property sets explained","pset vs qto; ifc base quantities; property set requirements bim; ids information delivery specification","MoFu","Educational","BIM-manager","EN","N","Estimators and BIM coordinators struggle to agree on what data must live in the model before quantities can be pulled, conflating descriptive Pset_ properties with Qto_ base quantities and never formalising it. This post explains the split and how an IDS-style requirement (vision/roadmap) keeps exports compliant. BimDossier already parses both IfcPropertySet (HasProperties) and IfcElementQuantity (Quantities) per element and exposes them in the inspector, so teams can audit which sets a delivered IFC actually contains; the feature is the property-extraction pipeline feeding the 3D viewer's properties panel."
"23","Wkb filings","Wie is de kwaliteitsborger en wat verwacht de aannemer onder de Wkb?","kwaliteitsborger wkb","rol kwaliteitsborger; kwaliteitsborger aannemer samenwerking; instrument instrumentaanbieder wkb","ToFu","Educational","Aannemer","NL","N","Veel aannemers begrijpen nog niet scherp waar de kwaliteitsborger over gaat, welk instrument/instrumentaanbieder erbij hoort en welke bewijslast zij moeten aanleveren - wat leidt tot wrijving en onvolledige dossiers. BimDossier geeft aannemer en kwaliteitsborger één gedeelde projectomgeving met rolgebaseerde toegang (editor/viewer/inspector), gedeelde bevindingen met foto-bewijs en een gezamenlijke dossier-checklist, zodat beide partijen op hetzelfde borgingsplan werken in plaats van losse e-mails."
"24","PDF<->IFC docs","Why your 2D PDFs and IFC model keep telling different stories — and how openBIM closes the gap","2d drawings vs bim model","openbim document workflow; ifc vs pdf coordination; bridging 2d drawings and bim","MoFu","Educational","BIM-manager","EN","N","Most projects run a 2D PDF track for fabrication and a 3D IFC track for coordination, and the two drift apart the moment a revision lands in only one. This piece explains why the split exists (legacy detailing, plotting habits, sub-contractor tooling) and how an openBIM-native workflow keeps them aligned. BimDossier shows IFC (ISO 16739) federated multi-discipline models alongside a derived 2D floor-plan and split view, so the drawing and the model stay one source of truth instead of two."
"25","Dossier & handover","Van borgingsplan naar opleverdossier: één doorlopende Wkb-bewijsketen","borgingsplan opleverdossier","borgingsplan naar dossier; borgingsmoment bewijs; Wkb bewijsketen; risicobeoordeling dossier","MoFu","Educational","Kwaliteitsborger","NL","N","Het borgingsplan, de risicobeoordeling en het uiteindelijke opleverdossier worden vaak als losse documenten behandeld, waardoor bij oplevering niet aantoonbaar is dat elk geïdentificeerd risico daadwerkelijk is geborgd. Dit artikel laat de doorlopende keten zien en hoe BimDossier die ondersteunt: borgingsplan- en risicobeoordeling-generatie uit jurisdictie-templates, borgingsmomenten die via bevindingen worden afgevinkt, en een dossier-checklist die de cirkel rondmaakt tot de gereedmelding."
"26","Ops & digital","Waarom een audit trail het verschil maakt tussen een aanvaard en een afgewezen opleverdossier","audit trail kwaliteitsborging","bewijslast wkb; activity log bouwproject; traceerbaarheid bevindingen; dossier bevoegd gezag bewijs","MoFu","Thought-leadership","Kwaliteitsborger","NL","N","Bij oplevering moet de kwaliteitsborger kunnen aantonen dát en wanneer een risico is afgedekt; een dossier zonder traceerbare geschiedenis van wie wat wanneer wijzigde is kwetsbaar bij toetsing door het bevoegd gezag. BimDossier legt elke wijziging vast in een audit log / activity feed met field-level historie en koppelt de resolutie-lifecycle van bevindingen aan het bewijs, zodat de verklaring kwaliteitsborger onderbouwd is. Specifieke feature: audit log/activity feed + findings resolution lifecycle + verklaring kwaliteitsborger PDF."
"27","openBIM literacy","Classification Systems Compared: NL/SfB vs Uniclass and Why Your IFC Models Need One","NL/SfB vs Uniclass classification","IFC classification system; NL-SfB classification; Uniclass BIM; BIM coding system explained","ToFu","Comparison","BIM-manager","EN","N","Without a consistent classification code on every element, teams cannot reliably filter, quantify or compliance-check a model, and Dutch projects in particular wrestle with NL/SfB versus international Uniclass. This article compares the two systems and explains how classification rides inside IFC. BimDossier leans on this structure: its processing pipeline already classifies model content to drive features like discipline-aware floor-plan generation, and the more disciplined the IFC classification, the more precisely its BBL/Wkb rule packs can target the right elements during an automated compliance check."
"28","Field & snagging","Inspectie bouw met pass/fail-verdicten: hoe je checklist en model aan elkaar knoopt","inspectie bouw checklist","pass fail inspectie; inspectie verdict bouw; checklist kwaliteitscontrole; controle bouwwerk","MoFu","How-to","Kwaliteitsborger","NL","N","Inspecties op de bouw eindigen vaak in een goed/afgekeurd-oordeel dat nergens terugkomt in het dossier, waardoor afgekeurde punten niet aantoonbaar zijn opgevolgd. BimDossier combineert de dossier-readiness checklist (template per gebouwtype/jurisdictie) met findings die een resolutielifecycle doorlopen, zodat een afkeur pas verdwijnt als het gebrek aantoonbaar is opgelost. De %-completion gating maakt zichtbaar of een inspectieronde echt is afgerond voordat je verder bouwt."
"29","BIM for QA","Borgingsmomenten koppelen aan modelelementen: model-based kwaliteitsborging onder de Wkb","bim kwaliteitsborging","borgingsmoment koppelen model; borgingsplan ifc; risicobeoordeling modelelement; model-based borging","MoFu","Educational","Kwaliteitsborger","NL","N","De uitdaging: een borgingsplan en risicobeoordeling staan los van de werkelijke geometrie, waardoor de kwaliteitsborger handmatig moet vertalen welk constructie- of brandveiligheidsrisico bij welk bouwdeel hoort. BimDossier genereert borgingsplan en risicobeoordeling uit jurisdictie-templates en laat checklistitems verwijzen naar een IFC-element (linked_element_global_id), zodat een borgingsmoment direct naar het juiste modeldeel wijst. Zo wordt het borgingsplan een modelgekoppelde inspectieroute in plaats van een losse tekstlijst."
"30","BCF collaboration","Issue Tracking in openBIM: How BCF, IFC and IDS Fit Together for Validated, Model-Based Quality","openbim issue tracking bcf ifc ids","ids information delivery specification; openbim quality workflow; ifc model validation issues; buildingsmart openbim stack","MoFu","Educational","BIM-manager","EN","Y","Teams adopt openBIM piecemeal and can't see how IFC, BCF and IDS combine into one quality loop, leaving model issues disconnected from validation. This post maps the stack: IFC carries geometry/data, IDS defines requirements, BCF carries the issues. BimDossier sits on IFC with findings pinned to elements and an automated BBL/Wkb compliance engine that returns violations per rule, showing how model-based issues become validated, dossier-ready quality records rather than scattered comments."
"31","Ops & digital","RASCI in de Wkb: wie is verantwoordelijk voor het borgingsplan, de borgingsmomenten en de gereedmelding?","rollen verantwoordelijkheden wkb","rasci bouwproject; taken kwaliteitsborger aannemer; verantwoordelijkheid borgingsplan; rollen kwaliteitsborging","ToFu","Educational","Kwaliteitsborger","NL","N","De Wkb verschuift verantwoordelijkheden tussen aannemer, kwaliteitsborger en opdrachtgever, maar zonder een duidelijke RASCI-verdeling blijven borgingsmomenten en de gereedmelding tussen wal en schip vallen. BimDossier verankert die rolverdeling met rolgebaseerde toegang (editor/viewer/inspector) en wijst bevindingen toe aan een concrete eigenaar, terwijl het borgingsplan en de risicobeoordeling uit jurisdictie-templates worden gegenereerd zodat ieders taken vastliggen. Specifieke feature: role-based access (inspector-rol) + borgingsplan/risicobeoordeling-generatie + findings-toewijzing."
"32","PDF<->IFC docs","Hoe verbind je een markup op een PDF met het juiste bouwdeel in je IFC-model?","markup koppelen aan ifc element","pdf markup naar 3d model; tekening annotatie bim; bouwdeel global_id koppelen","MoFu","How-to","Aannemer","NL","Y","Een aannemer prikt dagelijks opmerkingen op tekeningen, maar de stap van 'rode pijl op PDF' naar 'dit specifieke kozijn met dit global_id in het model' ontbreekt, waardoor opvolging en bewijslast rammelen. Vandaag legt BimDossier die koppeling via finding pins die aan het IFC-element zijn verankerd in de 3D-viewer, inclusief storey-isolatie en sectievlakken om het juiste deel te vinden. De auto-resolutie van een 2D-PDF-markup naar datzelfde element is de fusie-feature die we als visie bouwen."
"33","Wkb filings","Welk Wkb-instrument kies je? TloKB, KiK en de rol van de instrumentaanbieder uitgelegd","wkb instrument kiezen","instrumentaanbieder wkb; toegelaten instrument kwaliteitsborging; kik tlokb","ToFu","Educational","Aannemer","NL","N","Voor elk gevolgklasse-1 project werk je met een toegelaten Wkb-instrument en een instrumentaanbieder, maar weinig aannemers weten welk instrument bij hun bouwwerk past. Deze gids legt de instrumenten en de rol van de instrumentaanbieder uit. BimDossier sluit hierop aan: borgingsplan, risicobeoordeling en dossier-checklist worden per jurisdictie/framework opgebouwd, zodat het instrumentkader meeloopt met je project. Feature: borgingsplan-generatie + jurisdictie-rulepacks."
"34","Quantity takeoff","Hoeveelheden uit IFC halen: waarom je IfcElementQuantity (Qto) nodig hebt en hoe je het controleert","hoeveelheden uit ifc","ifcelementquantity; qto property set; hoeveelheden uittrekken ifc; base quantities ifc","MoFu","Educational","Werkvoorbereider","NL","Y","Werkvoorbereiders willen lengtes, oppervlakten en volumes rechtstreeks uit het IFC-model trekken, maar weten niet dat dat alleen betrouwbaar werkt als de exporteur Qto_-base-quantities heeft meegegeven (IfcQuantityLength/Area/Volume/Count). BimDossier leest deze IfcElementQuantity-sets per element uit tijdens de IFC-extractie en toont ze element-voor-element in het eigenschappenpaneel (Properties/PropertySetGroup) naast het 3D-model, zodat je per wand of vloer direct ziet welke hoeveelheid in het model zit en of die ontbreekt. De feature die dit doet is de IFC-extractiepijplijn plus het properties-inspectorpaneel in de 3D-viewer."
"35","BCF collaboration","How to Run a Model Coordination Meeting Where Every Issue Has an Owner and a Deadline","bim coordination meeting workflow","model review meeting agenda; assign bim issues; coordination issue tracking; bim coordinator checklist","MoFu","How-to","BIM-coordinator","EN","N","Coordination meetings generate decisions that evaporate by the next session because actions land in meeting minutes nobody reopens. This how-to runs a meeting in BimDossier: review the federated model live, pin each agreed issue to its IFC element, set severity and assignee on the spot, and let the finding lifecycle and activity feed/audit log track follow-through. No separate minutes, no orphaned action items."
"36","Field & snagging","Opleverpunten registreren én koppelen aan het BIM-model: zo voorkom je dubbel werk op de bouwplaats","opleverpunten","opleverpunten app; bevindingen koppelen IFC; snag aan bouwelement koppelen; digitaal opleverpunt","MoFu","Problem->Solution","Uitvoerder","NL","N","Uitvoerders registreren opleverpunten nu los in een snagging-app, waarna niemand zeker weet welk concreet bouwelement het betreft en het punt bij oplevering opnieuw moet worden uitgezocht. BimDossier lost dit op door elk opleverpunt vast te pinnen aan de IFC-element global_id in de 3D-viewer, zodat severity, toewijzing en fotobewijs aan een eenduidig element hangen. De feature finding pins anchored to an IFC element maakt een opleverpunt traceerbaar in plaats van een losse tekstregel op een tekening."
"37","BBL technical","Trappen, plafondhoogtes en deurmaten: de bruikbaarheidseisen van het BBL geometrisch toetsen","bbl bruikbaarheidseisen","trap eisen bouwbesluit; vrije hoogte verblijfsruimte; deurbreedte eisen; vloeroppervlak eisen bbl","MoFu","How-to","Werkvoorbereider","NL","N","Bruikbaarheidseisen zoals trapafmetingen, vrije doorloophoogtes, deurmaten en minimale vloeroppervlakken zijn puur geometrisch maar worden zelden integraal nagemeten op de uitvoeringstekeningen. BimDossier toetst deze maten (trap- en trappenhuisafmetingen, doorloophoogte, deurafmetingen, vloeroppervlakken) automatisch tegen het IFC-model met de compliance-engine. De werkvoorbereider krijgt een lijst van elementen die buiten de BBL-marges vallen voordat er gebouwd wordt."
"38","openBIM literacy","What Is buildingSMART? The Standards Body Behind IFC, BCF and IDS Explained for Construction Teams","what is buildingSMART","buildingSMART standards; buildingSMART IFC BCF; openBIM standards body; buildingSMART certification","ToFu","Educational","Architect","EN","N","Architects and engineers see IFC, BCF and IDS thrown around but do not know where the standards come from or why trusting a neutral body matters when choosing software. This article explains buildingSMART's role as the steward of openBIM standards and what 'IFC-compliant' actually guarantees. It positions BimDossier as a buildingSMART-aligned platform: native IFC ingestion in the 3D viewer today and BCF interoperability on the roadmap, so teams adopting it stay inside the standards ecosystem rather than a proprietary island, keeping their models and issues exchangeable with any compliant tool."
"39","Dossier & handover","Certificatenbeheer in de bouw: nooit meer een verlopen certificaat bij oplevering","certificaten beheer bouw","certificatenbeheer Wkb; certificaat verloopdatum bouw; certificaten opleverdossier; KOMO certificaat beheer","MoFu","Problem->Solution","Aannemer","NL","N","Product- en proces­certificaten van onderaannemers verlopen vaak ongemerkt en blijken bij de oplevering ongeldig, waardoor het opleverdossier niet sluitend is. Dit artikel beschrijft het beheersprobleem rond certificaten en laat zien hoe BimDossier dit oplost met certificatenbeheer inclusief verloopdatum-tracking en automatische verlengingsherinneringen, zodat elk certificaat geldig in het dossier landt."
"40","BIM for QA","Ed Controls vs. model-based kwaliteitsborging: waarom snagging zonder 3D-IFC-viewer je Wkb-dossier niet compleet maakt","ed controls alternatief","snagging software met ifc viewer; bim kwaliteitsborging vs snagging; wkb dossier software vergelijking; 3d viewer bevindingen","BoFu","Comparison","Aannemer","NL","N","De uitdaging: klassieke snagging-tools pinnen bevindingen op een 2D-tekening en regelen oplevering, maar missen een 3D-IFC-viewer en een geautomatiseerde compliance-toets, waardoor de stap van bevinding naar Wkb-dossier handwerk blijft. BimDossier combineert federatieve 3D-IFC-viewer, bevindingen verankerd aan modelelementen én de automatische BBL/Wkb-compliance-engine in één platform. Eerlijk gekaderd: de tekening-gepinde snag die auto-resolved naar het IFC-element is roadmap-visie, maar het modelgekoppelde dossier en de compliance-toets draaien vandaag al."
"41","openBIM literacy","What Is IDS (Information Delivery Specification) and How It Stops 'Garbage In' BIM Models Before They Reach the Field","IDS information delivery specification","buildingSMART IDS; IDS BIM validation; information delivery specification explained; IFC model requirements","ToFu","Educational","BIM-manager","EN","N","Models arrive missing the exact property sets, classifications and identifiers that downstream QA and compliance work depend on, and nobody catches it until a check fails on site. This guide introduces IDS as the buildingSMART standard for specifying machine-checkable model requirements, and contrasts it with informal PDF model-requirement documents. BimDossier shows why this discipline matters in practice: its automated BBL/Wkb compliance engine runs rule packs against the model's IFC data, so the cleaner and more complete the incoming IFC properties are, the more of the regulatory check it can answer automatically rather than flagging gaps for manual review."
"42","Wkb filings","Samenwerken met je kwaliteitsborger: wat lever je aan en hoe voorkom je heen-en-weer","samenwerken met kwaliteitsborger","wat levert de kwaliteitsborger; aannemer kwaliteitsborger afstemming; bevindingen kwaliteitsborger","MoFu","Problem->Solution","Aannemer","NL","N","De afstemming tussen aannemer en kwaliteitsborger verzandt vaak in e-mails: wie levert welk bewijs, wanneer en in welke vorm? BimDossier geeft beide partijen één gedeelde projectomgeving met rolgebaseerde toegang (inspector), gedeelde bevindingen met fotobewijs en een gezamenlijke dossier-checklist. Feature: rolgebaseerde toegang + findings + dossier-checklist."
"43","Field & snagging","Offline inspecteren op de bouwplaats: bevindingen vastleggen zonder dekking","offline inspectie app bouw","offline snagging app; bevindingen zonder internet; bouwplaats geen bereik; offline sync inspectie","MoFu","Problem->Solution","Uitvoerder","NL","Y","Op grote of afgelegen bouwlocaties valt de dekking weg, waardoor inspecteurs bevindingen op papier noteren en later met fouten overtypen. BimDossier biedt vandaag een mobiele inspectie-app met ingebedde viewer en fotobewijs; offline-first sync staat op de roadmap als de logische volgende stap zodat opnames lokaal worden vastgelegd en automatisch synchroniseren zodra er weer verbinding is. Dit artikel beschrijft eerlijk wat nu al kan en hoe de offline-visie betrouwbaar veldwerk zonder bereik mogelijk maakt."
"44","Dossier & handover","Boetes en vertraging bij de gereedmelding voorkomen: de 5 meest gemiste documenten","gereedmelding Wkb","gereedmelding 10 werkdagen; gereedmelding documenten; gereedmelding fout voorkomen; dossier gereedmelding","BoFu","Problem->Solution","Aannemer","NL","N","De gereedmelding moet binnen 10 werkdagen na oplevering compleet bij het bevoegd gezag liggen, maar ontbrekende certificaten of een onvolledig dossier leiden tot afkeuring, vertraging en mogelijk een bouwstop. Het artikel benoemt de vijf meest vergeten documenten en laat zien hoe BimDossier dit afdekt met de deadlinetracker (e-mailherinneringen T-30/-14/-7/-1) en de dossier-gereedheidschecklist die de gereedmelding gated op compleetheid."
"45","BIM for QA","Van bevinding naar BBL-artikel: hoe een snag op een IFC-element je Wkb-dossier opbouwt","wkb dossier opbouwen","bevinding ifc element koppelen; model-based dossier wkb; bbl artikel koppelen bevinding; wkb borging bim","MoFu","Problem->Solution","Aannemer","NL","N","De uitdaging: bevindingen op de bouwplaats verdwijnen in losse foto's, Excel en e-mails, los van het model en zonder traceerbare koppeling naar het Bbl-artikel dat geraakt wordt. BimDossier lost dit op doordat bevindingen via de findings-management module worden verankerd aan een IFC-element (global_id) in de 3D-viewer, met severity, assignee, fotobewijs en resolutielevenscyclus. De visie (roadmap) is dat een snag op een 2D-tekening straks automatisch resolved naar het IFC-element en het BBL/Wkb-artikel auto-tagt — de killer-fusie die het dossier vanzelf opbouwt."
"46","BCF collaboration","BCF 2.1 vs BCF 3.0: What Changed and What It Means for Handing Issues Between Tools","bcf 2.1 vs bcf 3.0","bcf versions compared; bcf interoperability; bcf import export; buildingsmart bcf standard","MoFu","Comparison","BIM-coordinator","EN","Y","Teams use different authoring tools and lose comment history when issues jump between them because of version mismatches. This comparison covers BCF 2.1 vs 3.0 (server/file variants, topic and comment changes) and why a neutral round-trip matters. BimDossier's BCF import/export (backend largely in place, UI wiring coming) is being built so coordinators can pull issues in from any BCF-capable tool and push findings back out without retyping the list."
"47","BBL technical","BBL-eisen controleren in je BIM-model: van bouwbesluit-tekst naar pass/fail per IFC-element","bbl eisen controleren","bouwbesluit eisen; model checking bbl; automatische toetsing bouwbesluit; bbl toetsing bim","MoFu","Educational","Kwaliteitsborger","NL","N","Een kwaliteitsborger moet aantonen dat een bouwwerk aan de BBL-eisen voldoet, maar de regels staan als functionele tekst verspreid over hoofdstukken en moeten handmatig tegen tekeningen worden gelegd. BimDossier vertaalt die eisen naar machine-leesbare regelpakketten en draait ze met de geautomatiseerde BBL/Wkb-toetsingsengine direct over het IFC-model, zodat je per element een pass/fail-uitkomst krijgt met de overtreden regel erbij. Dat maakt de toets reproduceerbaar in plaats van een handmatige interpretatie."
"48","Quantity takeoff","Welke eenheid staat er eigenlijk in je IFC? Hoe verkeerde lengte-eenheden je hoeveelheden 1000x fout maken","ifc eenheden lengte unit","ifc length unit mm m; unitsincontext ifc; verkeerde hoeveelheden ifc schaal; ifc unit takeoff fout","MoFu","Problem->Solution","Werkvoorbereider","NL","N","Een klassieke takeoff-blunder: het ene model exporteert in millimeters, het andere in meters, en zonder de eenheid uit UnitsInContext te lezen zijn volumes een factor 10^9 fout. BimDossier extraheert de lengte-eenheid expliciet uit de IFC-projectheader tijdens de metadata-walk en toont schema en eenheid in het Model Info-paneel, zodat je hoeveelheden in de juiste schaal interpreteert voordat ze in een raming belanden. De feature is de metadata-extractie (project header + lengthUnit) met de ModelInfo-weergave in de viewer."
"49","PDF<->IFC docs","Drawing-pinned snags die zichzelf koppelen aan het IFC-element: het einde van losse PDF-markups","pdf snagging gekoppeld aan bim","drawing markup bouw; snag op tekening; bevinding koppelen aan ifc element","MoFu","Problem->Solution","Aannemer","NL","Y","Snags die op een PDF-markup worden geprikt raken los van het model, dus niemand weet later welk bouwdeel het betrof of welke BBL/Wkb-eis erbij hoort. BimDossier verankert bevindingen vandaag al aan een IFC-element via global_id met severity, toewijzing en foto-bewijs in de 3D-viewer. De visie waar we naartoe bouwen: een snag op een 2D-PDF die automatisch oplost naar datzelfde IFC-element en het BBL/Wkb-artikel auto-tagt, zodat de 2D-werkvloer en het 3D-dossier eindelijk dezelfde taal spreken."
"50","Ops & digital","Klantverhaal: hoe een aannemer zijn eerste gevolgklasse-1 dossier in BimDossier opbouwde","wkb klantverhaal aannemer","wkb praktijkvoorbeeld; bimdossier case study; gevolgklasse 1 ervaring","BoFu","Thought-leadership","Aannemer","NL","N","Een feature-lijst overtuigt minder dan een echt project. Dit klantverhaal volgt een aannemer van projectaanmaak tot ingediend dossier bevoegd gezag, met de knelpunten die BimDossier wegnam: gemiste deadlines, zoekgeraakte certificaten en losse bevindingen. Template-format voor toekomstige klantverhalen. Feature: projectwizard + deadline reminders + dossier-checklist + findings."
"51","Quantity takeoff","Type vs instance properties in IFC: why your door schedule comes up empty","ifc type properties vs instance","ifcrelDefinesbytype; type object property set; ifcdoortype properties; takeoff missing properties","MoFu","Educational","Werkvoorbereider","EN","N","A common takeoff failure: instances inherit fire ratings, widths and material from an IfcTypeObject (IfcDoorType, IfcWallType) via IfcRelDefinesByType, so reading only instance-level psets returns blanks and the schedule looks empty. BimDossier resolves both axes - it walks IfcRelDefinesByType and merges type-level property sets and attributes onto every instance, labelling them as Type properties in the inspector so you see the inherited values that drive any quantity or compliance check. The feature is the property-extraction step (type + instance merge) surfaced in the multi-select properties panel."
"52","PDF<->IFC docs","From drawing markup to BCF: structured issue exchange between your 2D world and the model","bcf issue management construction","bcf 2.1 3.0 workflow; drawing markup to bcf; openbim issue exchange","MoFu","Educational","BIM-manager","EN","Y","Issues raised on a marked-up PDF stay trapped in email threads, while model-based issues live in BCF — so the two coordination channels never reconcile and rework slips through. This article explains how BCF (BIM Collaboration Format) gives drawing comments a model-anchored home with viewpoints and topics. BimDossier already manages model-anchored findings against IFC global_ids; BCF 2.1/3.0 import/export is on our roadmap (backend largely built, wiring up) to bring those 2D-origin issues into the same structured stream."
"53","BBL technical","Brandveiligheid toetsen aan het BBL: brandcompartimentering en vluchtroutes uit je IFC-model halen","brandveiligheid bouwbesluit toetsen","brandcompartimentering eisen; vluchtroute eisen bbl; brandveiligheid bim model; brandcompartiment grootte","MoFu","Problem->Solution","Aannemer","NL","N","Brandveiligheid is een van de zwaarste BBL-domeinen: compartimentsgroottes, rook- en brandscheidingen en vluchtroutelengtes moeten kloppen, maar worden vaak pas bij oplevering handmatig nagerekend. BimDossier bevat brandveiligheidsregels (compartimentgrootte, vluchtroutes, rookcompartimentering) in de compliance-engine die het federatieve IFC-model afspeurt en afwijkingen als bevinding terugkoppelt. Elke overtreding kan als finding aan het exacte IFC-element (global_id) worden gepind in de 3D-viewer."
"54","BCF collaboration","Why Your Snag Pinned to a 2D PDF Should Resolve to a 3D BIM Element (and the BCF Article Behind It)","2d snag linked to bim element","pdf snag to ifc element; drawing pinned snag bim; link finding to bbl article; model based snagging","BoFu","Thought-leadership","Aannemer","EN","Y","Field teams snag on 2D PDFs while coordinators work in 3D, so a drawing pin never connects to the model element or the rule it breaches. BimDossier already pins findings to IFC elements by global_id with photo evidence and a resolution lifecycle; the vision (in development) is a 2D PDF snag that auto-resolves to the same IFC element and auto-tags the relevant BBL/Wkb article. The post argues why this BCF-style fusion is the missing link between site snagging and model-based compliance."
"55","BIM for QA","BCF als brug tussen model en kwaliteit: hoe openBIM-issues straks je Wkb-bevindingen voeden","bcf wkb bevindingen","bcf 2.1 3.0 import export; openbim issue management wkb; bcf naar bevinding koppelen; model issue traceability","MoFu","Educational","BIM-manager","Both","Y","De uitdaging: coördinatie-issues leven in BCF binnen de ontwerptools, terwijl uitvoerings-bevindingen in losse kwaliteitssystemen zitten, waardoor de traceerbaarheid tussen modelissue en Wkb-bewijs breekt. BimDossier verankert bevindingen al aan IFC-elementen via global_id in de viewer; de visie (roadmap, backend ~90% klaar) is BCF 2.1/3.0 import/export zodat openBIM-issues en uitvoerings-bevindingen één keten worden. Eerlijk gekaderd als 'coming', maar het laat zien hoe BCF de standaard-brug wordt tussen modelcoördinatie en het kwaliteitsdossier."
"56","Wkb filings","Risicobeoordeling onder de Wkb: van risico naar borgingsmoment zonder gaten","risicobeoordeling wkb","borgingsmoment bepalen; risicobeoordeling bouw template; wkb risico borging koppelen","MoFu","Problem->Solution","Kwaliteitsborger","NL","N","De kwaliteitsborger moet elk geïdentificeerd risico vertalen naar een controleerbaar borgingsmoment - en juist daar ontstaan gaten waar later geen aantoonbare controle tegenover staat. BimDossier genereert risicobeoordeling én borgingsmomenten uit jurisdictie-templates en koppelt geconstateerde bevindingen (severity, foto-bewijs, IFC-element via global_id) terug aan die borgingsmomenten, zodat ieder risico aantoonbaar is afgedekt in het dossier."
"57","openBIM literacy","IFC2x3 vs IFC4: Which Schema Your Models Use and Why It Changes Your Coordination Workflow","ifc4 vs ifc2x3","IFC2x3 vs IFC4 differences; which IFC version to use; IFC schema comparison; IFC export settings","ToFu","Comparison","BIM-coordinator","EN","N","Coordinators silently inherit whichever IFC schema each consultant happens to export, then get burned when geometry, property sets or classification behave differently across IFC2x3 and IFC4 models in the same federation. This article compares the two schemas (entity model, property handling, geometry representation) and the practical export choices behind them, so teams stop debugging mystery differences. BimDossier detects and parses the IFC schema at upload (its IfcSchema handling in the extraction pipeline) and federates multi-discipline models of either version into one viewer scene, so coordinators can verify a mixed-schema model set visually instead of guessing why elements look wrong."
"58","Ops & digital","Wat kost de Wkb? Kosten van een kwaliteitsborger en Wkb-software op een rij","wat kost wkb","kosten kwaliteitsborger; wkb software prijs; kosten kwaliteitsborging bouw","BoFu","Educational","Aannemer","NL","N","Aannemers willen vóór adoptie weten wat de Wkb hen kost — borger, software en interne uren. Dit artikel maakt de kostenposten transparant en zet ze af tegen de kosten van een geweigerde gereedmelding of faalkosten. BimDossier is de software-laag die borger-uren en faalkosten terugdringt door deadlines, dossier en compliance te automatiseren. Feature: deadline tracker + dossier-checklist + compliance-engine."
"59","Field & snagging","Snagging-app zonder 3D-model versus model-aware bevindingenbeheer: wat mist je echt?","snagging app bouw","snagging app vergelijken; bevindingen app 3D model; model-aware snagging; digitale snaglijst","BoFu","Comparison","BIM-manager","NL","N","Een klassieke snagging-app pint gebreken op een platte tekening, waardoor de link met discipline, verdieping en het exacte object verloren gaat en BIM-coordinatoren handmatig moeten herleiden waar een punt zit. BimDossier verankert elk gebrek aan het federatieve IFC-model met storey isolation en display modes, zodat je een bevinding in context van het 3D-model terugvindt. De vergelijking laat zien dat de 3D IFC viewer met finding pins het verschil maakt tussen een platte snaglijst en model-aware kwaliteitsborging."
"60","Dossier & handover","Wat is een consumentendossier en wanneer ben je het als aannemer verplicht?","consumentendossier","consumentendossier verplicht; consumentendossier Wkb; consumentendossier inhoud; dossier oplevering particulier","ToFu","Educational","Aannemer","NL","Y","Veel aannemers verwarren het consumentendossier (voor de opdrachtgever) met het dossier bevoegd gezag (voor de gemeente) en weten niet welke garanties, tekeningen en certificaten erin horen. Dit definitionele artikel legt het onderscheid uit en de wettelijke basis onder de Wkb, en schetst hoe BimDossier beide dossiers uit één bron opbouwt via de gereedheidschecklist en de PDF-rapportgeneratie, met de consumentendossier-builder als aankomende functie op de roadmap."
"61","PDF<->IFC docs","PDF-metadata die je nooit leest: wat zit er in je tekening-bestanden en waarom telt het voor je dossier","pdf metadata bouwdocumenten","tekening metadata extractie; revisie datum pdf bouw; document audit bouw","ToFu","Educational","Werkvoorbereider","NL","N","PDF-tekeningen dragen verborgen metadata — aanmaakdatum, revisie, auteur — die cruciaal is om te bewijzen welke versie op welk moment gold, maar niemand pluist dit handmatig uit bij een dossiercontrole. BimDossier extraheert PDF-metadata automatisch tijdens upload en koppelt die aan het project, zodat de herkomst en revisie van elk document traceerbaar in het audit log staan. Dat maakt het verschil tussen een dossier dat de toets van het bevoegd gezag doorstaat en een dossier vol losse, ongedateerde bestanden."
"62","Field & snagging","Rework op de bouwplaats verminderen: de verborgen kosten van losse snaglijsten","rework voorkomen bim","faalkosten bouw verminderen; rework reduceren; herstelwerk bouw; kosten gebreken bouw","MoFu","Problem->Solution","Aannemer","NL","N","Faalkosten en rework ontstaan doordat een gebrek te laat, te vaag of zonder context wordt gemeld, waardoor de verkeerde partij het verkeerde element herstelt. BimDossier verlaagt rework door bevindingen met severity en assignee aan het exacte IFC-element te koppelen en de resolutie te bewaken, zodat de juiste onderaannemer direct weet wat waar fout zit. De audit log/activiteitenfeed maakt bovendien achteraf herleidbaar wanneer en door wie een gebrek is opgelost."
"63","Dossier & handover","Digitale oplevering met e-handtekening: zo lever je een Wkb-opleverdossier in één klik op","digitale oplevering","digitale oplevering bouw; e-handtekening oplevering; digitaal opleverdossier; oplevering Wkb digitaal","BoFu","Problem->Solution","Aannemer","NL","Y","Papieren opleveringen met losse handtekeningenlijsten zijn traag, fraudegevoelig en moeilijk te archiveren voor de 10-jarige aansprakelijkheid. Dit artikel schetst de overstap naar digitale oplevering en beschrijft BimDossiers visie op een digitale oplevering met e-handtekening en one-click Wkb-opleverdossier-handover (roadmap), voortbouwend op de al bestaande dossier-checklist, auditlog en PDF-rapportgeneratie die de basis vormen."
"64","BBL technical","Hoe een model-based BBL-toets eruitziet: van regelpakket naar overtreding per element","bbl toetsing bim","geautomatiseerde bouwbesluittoets; regelpakket bbl; automated code checking nederland; compliance engine bouw","MoFu","How-to","Kwaliteitsborger","NL","N","De grote vraag bij geautomatiseerd toetsen is hoe code-tekst betrouwbaar pass/fail per element wordt zonder een black box. BimDossier gebruikt per jurisdictie/raamwerk gestructureerde regelpakketten die de compliance-engine over het IFC-model draait en die per overtreden regel de getroffen elementen teruggeeft, traceerbaar naar het BBL-artikel. Dit artikel laat de keten regel -> model -> bevinding stap voor stap zien zodat de borger begrijpt waar de uitkomst vandaan komt."
"65","Wkb filings","Gevolgklasse 1 nu, CC2 en CC3 straks: zo bereid je je bouworganisatie voor op de Wkb-uitrol","gevolgklasse 1 wkb","wkb cc2 cc3 uitrol; gevolgklassen bouw; wkb fasering invoering","ToFu","Thought-leadership","Opdrachtgever","NL","N","De Wkb begon met gevolgklasse 1, maar de gefaseerde uitrol naar CC2 en CC3 maakt complexere bouwwerken straks borgingsplichtig - bedrijven die hun proces alleen ad-hoc op CC1 inrichten lopen vast bij opschaling. BimDossier bouwt borgingsplan-, deadline- en dossier-logica op jurisdictie-/framework-rulepacks die per gevolgklasse en bouwwerktype verschillen, zodat dezelfde werkwijze meeschaalt naarmate zwaardere gevolgklassen onder de Wkb gaan vallen."
"66","BIM for QA","What is model-based compliance checking? Automated IFC validation against building codes explained","model-based compliance","ifc compliance check; automated code checking bim; ifc model validation; rule-based bim checking","MoFu","Educational","BIM-manager","EN","N","The challenge: teams treat building-code compliance as a manual document review disconnected from the IFC model, so violations surface late and are hard to trace back to a specific element or clause. This explains how model-based compliance works and shows how BimDossier's automated BBL/Wkb compliance engine runs rule packs (per jurisdiction/framework) against the IFC model and returns violations per rule. It frames the openBIM angle (IFC/ISO 16739, IDS) so an international BIM audience sees how rule-driven validation generalises beyond the Dutch Wkb."
"67","BCF collaboration","From Clash Detection to Resolution: Turning Clash Reports Into Tracked, Assigned BIM Issues","clash detection workflow bim","clash detection to issue tracking; manage clashes bim; clash report follow up; ifc clash coordination","MoFu","Problem->Solution","BIM-coordinator","EN","N","Clash detection tools produce hundreds of clashes but stop at a report; the real failure is the gap between detecting a clash and proving someone fixed it. BimDossier picks up after detection: each clash becomes a finding pinned to the offending IFC element with an assignee, severity and a draft->open->resolved->verified lifecycle plus photo evidence. The post shows how to triage a clash list into accountable issues instead of a dead PDF."
"68","openBIM literacy","Why IFC Model Validation Matters Before You Build: Catching Bad Data Before It Becomes a Site Defect","IFC model validation","BIM model quality check; validate IFC before construction; model checking openBIM; IFC data quality","MoFu","Problem->Solution","BIM-manager","EN","N","An IFC model that looks fine in a viewer can still be missing the properties, geometry integrity or identifiers that downstream QA and regulatory checks depend on, and the cost of that gap lands on site. This article frames model validation as the bridge between authoring and execution. BimDossier acts on validated data: when a model is uploaded it parses the IFC header and element data, surfaces it in the viewer, and runs its automated BBL/Wkb compliance engine against it, so structural data gaps show up as rule violations before they become physical defects rather than after."
"69","Quantity takeoff","IFC2x3 vs IFC4 for quantity takeoff: which schema gives you reliable base quantities","ifc2x3 vs ifc4 takeoff","ifc4 base quantities; ifc schema takeoff difference; openbiim qto schema; ifc export schema estimating","MoFu","Comparison","BIM-manager","EN","N","Teams receiving models in mixed IFC2x3 and IFC4 exports get inconsistent quantity coverage because base-quantity conventions and pset naming differ between schemas, breaking a unified takeoff. This post compares the two for QTO reliability and how to standardise exports. BimDossier detects the IFC schema on ingest and runs the same property/quantity extraction across both, surfacing the detected schema in Model Info so estimators know which convention a given model follows; the feature is the schema-aware extraction pipeline."
"70","Ops & digital","Going paperless on site: vervang je snagging-clipboard door pins op het IFC-model","digitaal snaggen bouwplaats","papierloos opnemen bouw; digitale bevindingen app; snagging bim model; mobiele inspectie app bouw","ToFu","Problem->Solution","Werkvoorbereider","NL","N","Bevindingen die op de bouwplaats op papier of in losse foto's worden vastgelegd, raken hun context kwijt zodra ze het kantoor bereiken — niemand weet meer exact welk element het betrof. BimDossier laat de uitvoerder via de mobiele inspectie-app on-site snaggen met de ingebedde viewer, waarbij elke bevinding direct aan een IFC-element wordt verankerd en in de resolutie-lifecycle belandt. Specifieke feature: mobiele inspectie-app (RN/Expo) met embedded viewer + IFC-element-gekoppelde bevindingen."
"71","PDF<->IFC docs","Documentchaos op de bouwplaats: hoe versiebeheer van tekeningen je Wkb-dossier sloopt","versiebeheer tekeningen bouw","construction document management; document versie chaos bouw; tekening versiebeheer wkb","MoFu","Problem->Solution","Werkvoorbereider","NL","N","Wanneer er op de bouwplaats wordt gewerkt op een verouderde PDF-revisie terwijl het IFC-model al is bijgesteld, lopen bevindingen, maatvoering en uiteindelijk het dossier bevoegd gezag uit de pas. BimDossier centraliseert documenten en bevindingen per project met audit log en activity feed, zodat elke wijziging traceerbaar is. De dossier-readiness checklist gate't bovendien op % volledigheid, zodat een dossier niet op een achterhaalde tekening wordt opgeleverd."
"72","Ops & digital","De verborgen aansprakelijkheidsrisico's van verlopen certificaten onder de 10-jaars Wkb-aansprakelijkheid","verlopen certificaten aansprakelijkheid","verlopen certificaat aansprakelijkheid; 10 jaar aansprakelijkheid bouw; certificatenbeheer aannemer; geldigheid certificaat bewaken","MoFu","Problem->Solution","Aannemer","NL","N","Onder de Wkb loopt de aannemer tot 10 jaar aansprakelijkheid, en een product- of personeelscertificaat dat tijdens uitvoering blijkt te zijn verlopen ondermijnt zowel de borging als de bewijspositie achteraf. BimDossier bewaakt geldigheid met certificaatbeheer inclusief expiry-tracking en automatische verlengingsherinneringen, zodat verlopen documenten zichtbaar zijn vóór ze in het opleverdossier terechtkomen. Specifieke feature: certificate management met expiry-tracking + renewal reminders."
"73","openBIM literacy","What Is IFC? A Plain-English Guide to the openBIM Format Every Contractor Should Understand","what is IFC","IFC file format; IFC BIM explained; ISO 16739; openBIM format","ToFu","Educational","BIM-manager","EN","N","Teams receive IFC files from architects and structural engineers but treat them as opaque exports they can only view, never act on, so the data stays trapped. This guide explains IFC (ISO 16739) as a vendor-neutral schema of objects, properties and relationships, then shows how BimDossier turns that schema into something usable: its 3D IFC viewer (ThatOpen + Three.js) loads federated multi-discipline models with storey isolation and section planes, and the extraction pipeline reads the IFC element tree so each global_id can later anchor a finding pin. The takeaway: IFC is not just a file you open, it is the data backbone an execution-phase QA platform can build on."
"74","Field & snagging","Mobiel werken op de bouwplaats: inspecteren in de 3D-viewer vanaf je telefoon","mobiel inspecteren bouw","mobiele inspectie app; bouwplaats app 3D viewer; inspectie app telefoon; bevindingen onderweg","MoFu","Educational","Uitvoerder","NL","N","Op de bouwplaats hebben uitvoerders zelden een laptop bij de hand en moeten ze bevindingen vaak achteraf inkloppen, met fouten en vertraging tot gevolg. BimDossier biedt een mobiele inspectie-app (RN/Expo) met een ingebedde 3D-viewer, zodat je ter plekke een element in het model aanwijst en daar direct een bevinding aan vastpint. Daarmee verschuift de registratie van kantoor terug naar het moment en de plek waar het gebrek wordt geconstateerd."
"75","BCF collaboration","BCF vs Email and Excel: Why Issue Lists Belong in Your BIM Model, Not Your Inbox","bcf vs excel issue tracking","bim issue tracking spreadsheet; model based issue management; stop tracking snags in email; bcf workflow","MoFu","Problem->Solution","BIM-coordinator","EN","N","Spreadsheet issue logs lose the model context the moment they leave the coordination meeting: nobody can find element X from row 47. BimDossier replaces the email-and-Excel loop with findings that live on the model itself, each pinned to an IFC element global_id with severity, assignee and a resolution lifecycle. The post contrasts a lost-in-translation Excel row with a one-click jump to the pinned element in the federated 3D viewer."
"76","Dossier & handover","Opleverdossier samenstellen onder de Wkb: complete checklist voor aannemers (2026)","opleverdossier Wkb","opleverdossier samenstellen; dossier bevoegd gezag; gereedmelding dossier; opleverdossier checklist","BoFu","How-to","Aannemer","NL","N","Aannemers struikelen bij de gereedmelding omdat het opleverdossier verspreid zit over mappen, mailtjes en losse PDF's en pas op het laatste moment compleet blijkt te zijn. Dit artikel loopt stap voor stap door welke documenten het dossier bevoegd gezag verplicht bevat onder de Wkb en laat zien hoe BimDossier dit borgt met de dossier-gereedheidschecklist (template per gebouwtype/jurisdictie) die het gereedheidspercentage bijhoudt en gereedmelding pas vrijgeeft bij 100% compleetheid."
"77","BBL technical","Constructieve veiligheid en BIM: welke BBL-eisen kun je geautomatiseerd uit het model toetsen?","constructieve veiligheid bbl","constructieve veiligheid eisen; valbeveiliging bbl; model based structural check; gevolgklasse 1 constructie","MoFu","Educational","Constructeur","NL","N","Volledige constructieve berekeningen blijven mensenwerk, maar veel BBL-randvoorwaarden (valbeveiliging, hoogteverschillen, materiaal-brandgedrag) zijn geometrisch en dus modelmatig te checken. BimDossier toetst die geometrische constructie-randvoorwaarden uit het IFC-model met de compliance-engine en is eerlijk over wat wel en niet automatiseerbaar is. Zo focust de constructeur zijn handmatige beoordeling op de echt complexe punten."
"78","Quantity takeoff","Van hoeveelheden naar kostenraming: het IFC-model als bron in plaats van losse spreadsheets","kostenraming uit bim model","calculatie uit ifc; hoeveelheden naar begroting; model based estimating; bim calculatie nederland","MoFu","Problem->Solution","Werkvoorbereider","NL","Y","Calculators trekken hoeveelheden handmatig over in losse spreadsheets, waardoor elke modelwijziging een foutgevoelige overtikexercitie wordt en de raming loskoppelt van het model. De visie van BimDossier (BIMQuantify, roadmap) is geautomatiseerde takeoff rechtstreeks uit IFC zodat hoeveelheden meebewegen met het model. Vandaag al beschikbaar: de extractiepijplijn leest Qto-quantities en eigenschappen per element met de juiste lengte-eenheid uit het model, zodat de basisdata voor calculatie consistent en herleidbaar uit het IFC komt in plaats van uit losse tellingen."
"79","Wkb filings","Wat moet er echt in een borgingsplan? Een praktische opbouw onder de Wkb","borgingsplan wkb","borgingsplan opstellen; borgingsplan voorbeeld; inhoud borgingsplan kwaliteitsborger","MoFu","Educational","Kwaliteitsborger","NL","N","Het borgingsplan is de ruggengraat van de Wkb-borging, maar elke kwaliteitsborger worstelt met een consistente, volledige opbouw die risicobeoordeling, borgingsmomenten en het bouwwerktype dekt. BimDossier genereert een borgingsplan en risicobeoordeling uit jurisdictie-templates per bouwwerktype en levert daar een verklaring-klare borgingsplan-PDF bij, zodat de structuur standaard klopt en alleen de projectspecifieke invulling nog menselijk werk is."
"80","BIM for QA","Beste Wkb-software in 2026: waar je op let bij kwaliteitsborgings- en dossiersoftware","beste wkb software","wkb software vergelijken 2026; kwaliteitsborging software; opleverdossier software","BoFu","Comparison","Aannemer","NL","N","Bij het kiezen van Wkb-software vergelijken kopers functies die zelden naast elkaar staan: deadlinebewaking, dossieropbouw, bevindingen én — uniek — een 3D-IFC-viewer met geautomatiseerde toetsing. Deze roundup geeft een keuzekader en laat zien waar BimDossier zich onderscheidt: model-gekoppelde bevindingen plus een BBL/Wkb-compliance-engine die snagging-only tools missen. Feature: 3D-viewer + compliance-engine + dossier-checklist."
"81","Dossier & handover","Closing the project under the Dutch Wkb: a digital handover dossier for openBIM teams","digital handover dossier construction","openBIM handover; BCF handover Wkb; IFC as-built dossier; digital building handover Netherlands","ToFu","Thought-leadership","BIM-manager","EN","N","International openBIM teams working on Dutch projects struggle to turn federated IFC models and BCF coordination history into a regulator-ready handover dossier that satisfies the Wkb gereedmelding. This piece frames the gap between coordination data and a filing-ready dossier and shows how BimDossier bridges it: IFC-anchored findings, the dossier-readiness checklist and auto-generated compliance PDFs today, with BCF 2.1/3.0 import/export and one-click opleverdossier handover on the roadmap to complete the openBIM-to-handover chain."
"82","Wkb filings","Bouwmelding indienen onder de Wkb: de 4-wekentermijn en hoe je hem nooit mist","bouwmelding indienen","bouwmelding 4 weken; bouwmelding Omgevingsloket; bouwmelding termijn Wkb","MoFu","How-to","Aannemer","NL","N","Onder de Wkb moet de aannemer de bouwmelding minimaal 4 weken voor start uitvoering indienen, anders mag je niet beginnen - een termijn die handmatig in een planning gemakkelijk wegglipt. BimDossier berekent de bouwmelding-deadline automatisch vanaf de geplande startdatum met Nederlandse werkdag- en feestdaglogica en stuurt T-30/-14/-7/-1 e-mailreminders. De deadline tracker en het projectwizard met PDOK-adresinvoer zorgen dat de 4-wekentermijn vanaf dag één correct in beeld staat."
"83","PDF<->IFC docs","One model, many disciplines, one document set: federated IFC coordination zonder PDF-spaghetti","federated ifc coordination","multi-discipline ifc model; gefedereerd bim model; construction document management bim","MoFu","Problem->Solution","BIM-manager","Both","N","When constructeur, architect en installateur elk hun eigen PDF-set rondsturen, ontstaat een spaghetti van overlappende, tegenstrijdige documenten die op de bouwplaats niet meer te ontwarren is. BimDossier laadt meerdere disciplines als een gefedereerd IFC-model in een scene met storey-isolatie, display modes en split view, zodat coordinatie op het model gebeurt in plaats van op stapels tekeningen. Bevindingen worden per element vastgelegd, niet per losse PDF, wat de uitvoeringsfase ordent."
"84","Quantity takeoff","Element counts as a model-quality smoke test: spotting a broken IFC before you trust its quantities","ifc model quality check","ifc element count check; model validation before takeoff; openbiim data quality; verify ifc export","MoFu","How-to","BIM-manager","EN","N","Before trusting any takeoff, a coordinator needs a fast sanity check: does this 12-storey model really contain only 40 walls and zero doors? Manually opening models to count is slow. BimDossier computes element counts grouped by IFC class (and a canonical mapping) on every ingest and shows them in Model Info, giving an instant smoke test that flags an under-populated or mis-exported model before its quantities feed anything downstream. The feature is the metadata extraction's per-class element counts plus the ModelInfo panel."
"85","BIM for QA","Bewijs op het model: waarom fotobewijs verankerd aan een IFC-element je 10-jaars aansprakelijkheid afdekt","fotobewijs wkb dossier","bewijs op model bim; ifc element fotobewijs; wkb aansprakelijkheid bewijs; opleverdossier bewijslast","MoFu","Problem->Solution","Aannemer","NL","N","De uitdaging: onder de Wkb moet je tien jaar lang kunnen aantonen dat een bouwdeel voldeed, maar losse mappen met foto's zonder context zijn juridisch zwak en moeilijk terug te vinden. BimDossier verankert fotobewijs aan de bevinding en daarmee aan het IFC-element (global_id) in de viewer, met server-side timestamp en EXIF/geolocatie uit de mobiele inspectie-app. Zo ontstaat een modelgekoppelde bewijsketen die per bouwdeel terug te halen is in plaats van een ongestructureerd fotoarchief."
"86","Ops & digital","Van bevinding naar BBL-artikel in één klik: de toekomst van geïntegreerde Wkb-borging","geautomatiseerde wkb borging bouw","bbl artikel koppelen bevinding; automatische compliance bouw; snag gekoppeld aan bouwregel; opleverdossier automatiseren","MoFu","Thought-leadership","Aannemer","Both","Y","Vandaag kost het koppelen van een bevinding aan het juiste BBL/Wkb-artikel handmatig opzoekwerk, waardoor borging arbeidsintensief en foutgevoelig blijft. BimDossier zet vandaag al bevindingen vast op het IFC-element en draait een geautomatiseerde compliance-engine; de visie (op de roadmap, eerlijk geflagd als 'coming') is dat een snag op een 2D-tekening automatisch oplost naar het IFC-element én het BBL/Wkb-artikel auto-tagt, met one-click oplevering naar het Wkb-opleverdossier inclusief e-handtekening. Specifieke feature: bestaande findings + compliance-engine; toekomstig: drawing-pinned snags die auto-taggen naar het BBL-artikel + one-click handover (roadmap)."
"87","Field & snagging","Digitale opname op de bouwplaats: bevindingen vastleggen met fotobewijs en eenduidige status","digitale opname bouw","digitale opname app; bevindingen vastleggen; fotobewijs bouwplaats; opname met severity","MoFu","How-to","Aannemer","NL","N","Bij een opname op locatie verzanden bevindingen vaak in losse foto's, WhatsApp-berichten en e-mails zonder eigenaar, status of resolutie-historie. BimDossier structureert de opname via findings/bevindingen management met severity, assignee, resolutielifecycle en gekoppeld fotobewijs, zodat elk gebrek een traceerbare levensloop krijgt. De mobiele inspectie-app legt de opname direct ter plekke vast in plaats van achteraf op kantoor over te typen."
"88","BCF collaboration","BCF Viewpoints Explained: How a Single File Carries Camera, Section Cuts and Selected Elements","bcf viewpoint explained","bcf camera viewpoint; bcf clipping planes; bcf components selection; bim issue snapshot","ToFu","Educational","BIM-coordinator","EN","N","A reviewer writes 'see the duct near the stair' and the recipient spends ten minutes hunting for it. This post unpacks the BCF viewpoint: the camera position/direction, clipping planes and the exact components that were visible. BimDossier captures the same state behind every finding pin (camera vector, section planes, the anchored IFC element), so reopening an issue restores the precise view its author saw, no hunting required."
"89","openBIM literacy","From IFC Model to Quantity Takeoff: How openBIM Data Will Power Automated Hoeveelheden","quantity takeoff from IFC","IFC quantity takeoff; automated BIM takeoff; openBIM hoeveelheden; IFC QTO openBIM","MoFu","Educational","Werkvoorbereider","Both","Y","Werkvoorbereiders still re-measure quantities by hand from drawings even though the IFC model already carries volumes, areas and counts, duplicating effort and inviting transcription errors. This article explains how base quantities and property sets in IFC make automated takeoff possible across any authoring tool. BimDossier already extracts structured element data from uploaded IFC models in its pipeline, and automated quantity takeoff from IFC is on the roadmap (vision), pointing toward a future where the same openBIM model that drives the 3D viewer and compliance checks also produces hoeveelheden directly, with no separate measuring step."
"90","BBL technical","Why BBL compliance findings belong on the IFC element, not in a spreadsheet","bbl compliance findings ifc element","finding pinned to ifc; global_id compliance tracking; model based snagging compliance; bcf compliance handoff","BoFu","Problem->Solution","Aannemer","EN","N","Compliance issues are usually logged as a row in a spreadsheet that loses the link to the physical element, so resolving and re-verifying them is guesswork. BimDossier raises each BBL violation as a finding anchored to the IFC element via its global_id, viewable in the 3D viewer with severity, assignee and photo evidence, so the contractor fixes the exact component the rule flagged. As a vision step, the roadmap connects 2D drawing-pinned snags that auto-resolve to the IFC element and auto-tag the BBL/Wkb article, closing the loop from code clause to fixed element."
"91","Wkb filings","10-jaarsaansprakelijkheid onder de Wkb: waarom je bewijslast tijdens de bouw moet vastleggen, niet erna","10 jaar aansprakelijkheid wkb","wkb aansprakelijkheid aannemer; bewijslast bouw vastleggen; opleverdossier aansprakelijkheid","MoFu","Problem->Solution","Aannemer","NL","N","De verzwaarde aansprakelijkheid onder de Wkb verschuift de bewijslast naar de aannemer voor maar liefst tien jaar, terwijl bewijs achteraf reconstrueren bijna onmogelijk is. BimDossier legt tijdens de uitvoering aantoonbaar bewijs vast - bevindingen met foto-bewijs verankerd aan het IFC-element (global_id), een audit log/activiteitenfeed en per-borgingsmoment gedocumenteerde controles - zodat het opleverdossier later als verdedigbare bewijslast staat in plaats van een papieren formaliteit."
"92","BIM for QA","Federatieve coördinatie als kwaliteitsinstrument: van clash detection naar Wkb-borging in één model","federatief model kwaliteitsborging","clash detection wkb; multidisciplinair ifc model borging; federated coordination quality; openbim coordinatie kwaliteit","MoFu","Thought-leadership","BIM-manager","Both","N","De uitdaging: federatieve modellen worden gebruikt voor clash detection in de ontwerpfase, maar in de uitvoeringsfase wordt die multidisciplinaire coördinatie zelden ingezet voor kwaliteitsborging onder de Wkb. BimDossier laadt federatieve, multidisciplinaire IFC-modellen in één scène (storey-isolatie, display modes, sectievlakken) en hangt bevindingen en borgingsmomenten aan de juiste discipline-elementen, zodat coördinatie doorloopt van ontwerp naar borging. Het betoog: hetzelfde federatieve model dat clashes ving, hoort de drager te zijn van het uitvoerings-kwaliteitsbewijs."
"93","BBL technical","Toegankelijkheid volgens het BBL in je BIM-model: drempels, deurvrijmaten en rolstoeltoegang","toegankelijkheid eisen bouwbesluit","rolstoeltoegankelijkheid bbl; drempel hoogteverschil eisen; deur vrije doorgang; toegankelijke entree eisen","MoFu","Educational","Architect","NL","N","Toegankelijkheidseisen (drempelhoogtes, vrije deurdoorgangen, hellingbanen, rolstoeltoegang, sanitaire afmetingen) zijn makkelijk over het hoofd te zien tot een oplevering ze blootlegt. BimDossier bevat een toegankelijkheidsregelset die entrees, deuren, hellingbanen en circulatieruimtes uit het IFC-model toetst en knelpunten als bevinding teruggeeft. Zo wordt toegankelijkheid een modelcontrole in plaats van een verrassing op de bouwplaats."
"94","PDF<->IFC docs","Van losse PDF's naar een filing-ready opleverdossier: dossier-assemblage uit gemengde documenten","opleverdossier samenstellen wkb","dossier bevoegd gezag opbouwen; wkb dossier documenten; opleverdossier pdf ifc","BoFu","How-to","Aannemer","NL","N","Een Wkb-opleverdossier bestaat uit een mix van PDF-tekeningen, foto's, certificaten en modeldata die normaal handmatig in mappen worden samengeharkt vlak voor de gereedmelding. BimDossier bouwt het dossier gestructureerd op met de dossier-readiness checklist (template per bouwtype/jurisdictie), certificaatbeheer met verloopbewaking en auto-gegenereerde compliance-PDF's (borgingsplan, verklaring kwaliteitsborger, dossier bevoegd gezag). De one-click Wkb-handover met e-signature is de richting waar we naartoe werken."
"95","Ops & digital","Hoe je Wkb-deadlines beheert over meerdere projecten zonder dat er één bouwmelding wordt gemist","wkb deadlines","bouwmelding termijn; gereedmelding deadline; informatieplicht termijn; wkb planning meerdere projecten","MoFu","How-to","Projectmanager","NL","N","Wkb-termijnen — bouwmelding 4 weken vóór start, informatieplicht 2 werkdagen vooraf, gereedmelding 10 werkdagen na oplevering — zijn per project te overzien maar onbeheersbaar over een hele portefeuille, en een gemiste melding bij het Omgevingsloket legt de bouw stil. BimDossier berekent deze deadlines automatisch met Nederlandse werkdag- en feestdaglogica vanaf de projectwizard (met PDOK-adres) en stuurt e-mailherinneringen op T-30/-14/-7/-1. Specifieke feature: auto-berekende Wkb-deadlines + deadline tracker met getrapte e-mailreminders."
"96","openBIM literacy","openBIM vs Closed BIM: Why Vendor-Neutral Formats Protect Your Project Data for the Next 10 Years","openBIM vs closed BIM","openBIM benefits; vendor lock-in BIM; why use IFC openBIM; vendor-neutral BIM workflow","ToFu","Thought-leadership","BIM-manager","EN","N","Owners and contractors fear locking critical project data inside one vendor's proprietary file format, especially when they must keep records accessible for a decade of liability. This piece makes the openBIM case (IFC, BCF, buildingSMART standards) against closed, single-tool ecosystems, framed around long-term data ownership. BimDossier is built openBIM-first: it ingests IFC models in its viewer and is wiring up BCF 2.1/3.0 import/export (roadmap), so coordination issues and the eventual compliance dossier live in open, portable formats rather than a format you can only read with the tool that made it."
"97","Field & snagging","Gebreken registreren tijdens een borgingsmoment: van losse foto naar Wkb-bewijslast","gebreken registreren borgingsmoment","borgingsmoment inspectie; gebreken vastleggen Wkb; bevinding borgingsplan; kwaliteitsborging inspectie","MoFu","Problem->Solution","Kwaliteitsborger","NL","N","Een kwaliteitsborger moet bij elk borgingsmoment aantonen dat geconstateerde afwijkingen zijn opgevolgd, maar handmatige notities sluiten zelden aan op het borgingsplan en de bewijslast voor het dossier bevoegd gezag. BimDossier koppelt bevindingen aan de borgingsmomenten uit het gegenereerde borgingsplan/risicobeoordeling, met fotobewijs en resolutielifecycle als onderbouwing. Zo wordt elke geregistreerde afwijking automatisch onderdeel van de aantoonbare kwaliteitsborging in plaats van een los inspectierapport."
"98","Dossier & handover","De audit trail bij oplevering: hoe je aantoont dat elke bevinding is afgehandeld","audit trail oplevering","audit trail bouw Wkb; bewijslast oplevering; traceerbaarheid bevindingen; dossier aantoonbaarheid","MoFu","Educational","Kwaliteitsborger","NL","N","Bij een geschil onder de 10-jarige aansprakelijkheid moet de aannemer aantonen wie wat wanneer heeft opgelost, maar die historie zit verspreid over apps, foto's en mails. Het artikel legt uit waarom een sluitende audit trail de kern van een verdedigbaar opleverdossier is en laat zien hoe BimDossier dit levert via de auditlog/activiteitenfeed gekoppeld aan de bevindingen-lifecycle met fotobewijs en resolutiestatus per IFC-element."
"99","BCF collaboration","BCF in de Nederlandse bouw: modelgebaseerde issues koppelen aan Wkb-bevindingen","bcf bim issues nederlandse bouw","bcf bevindingen koppelen; modelgebaseerd issue management; bim coordinatie wkb; ifc bevinding ifc element","MoFu","Problem->Solution","BIM-manager","NL","Y","BIM-coordinatoren beheren coordinatie-issues in BCF, maar Wkb-bevindingen leven los in losse lijsten of e-mail, los van het model. BimDossier behandelt een bevinding als first-class object met severity, toewijzing en levenscyclus, vastgepind op het IFC-element (global_id) in de 3D-viewer. De post laat zien hoe een coordinatie-issue en een kwaliteitsbevinding op hetzelfde model samenkomen, met BCF import/export in aanbouw om issues uit elke tool binnen te halen."
"100","Quantity takeoff","Classificatie (NL/SfB, Uniclass) in IFC: de sleutel om hoeveelheden naar de juiste calculatieregel te mappen","nl/sfb classificatie ifc","uniclass ifc takeoff; classificatie hoeveelheden mappen; ifcclassificationreference; codering elementen ifc","MoFu","Educational","BIM-manager","NL","Y","Zonder consistente classificatie (NL/SfB of Uniclass) per element kun je geextraheerde hoeveelheden niet automatisch koppelen aan calculatieregels of dossierposten - het blijft handwerk per object. Dit artikel legt uit hoe classificatie in IFC hoort te zitten en waarom het de brug is tussen modeldata en kosten. BimDossier leest de property sets en attributen per element uit en mapt herkende elementen naar een canoniek type dat de compliance- en dossierlogica gebruikt; de feature is de canonieke type-mapping in de extractiepijplijn plus het eigenschappenpaneel dat de aangeleverde classificatie-psets per element toont."
