ID,Phase,Week,Feature,Description,Priority,Effort (days),Dependencies,Acceptance Criteria,Status,Evidence / Notes,Primary User,Role Detail,Aannemer Priority,Contractor-First Phase,Aannemer Usage
1,Foundation,1,Repo & tech stack setup,"Initialize a monorepo or split repos for backend (Node.js/TypeScript or Python/FastAPI) and frontend (Next.js or SvelteKit). Set up linting, formatting, type checking, and a CI/CD pipeline that builds, tests, and deploys to staging on every push to main. Use boring, well-supported tools — this is not the place for novelty. Tip: configure environment variables and secrets management from day one (e.g., Doppler, Infisical, or AWS Secrets Manager) so you never commit credentials.",P0,1,-,Code is in version control; pushing to main triggers a clean staging deploy with tests passing.,Done,pnpm + Turborepo monorepo; FastAPI Python API (uv); Next.js portal + web; ruff/mypy/pytest + ESLint/tsc/vitest. CI/CD pipeline NOT yet wired (no .github/workflows verified).,Platform,Infrastructure — no direct user interaction,P0-AN,Phase 1,Infrastructure — needed for any user
2,Foundation,1,EU-region hosting,"Provision compute and storage strictly in EU regions. Options: Hetzner Cloud (cheap, German), AWS Frankfurt (stable, expensive), Scaleway (Paris/Amsterdam), or Azure Netherlands. This is non-negotiable for Dutch B2B compliance buyers — many will reject US-hosted tools outright during procurement review. Document region selection clearly so it can be cited in your DPA template later.",P0,1,1,App reachable on EU-hosted domain with valid HTTPS; region clearly documented in infra config.,Not Started,No production infra/IaC found. Local docker-compose only.,Platform,Infrastructure — EU hosting required for Dutch B2B trust,P0-AN,Phase 1,Infrastructure — EU hosting required for Dutch aannemer trust
3,Foundation,1,PostgreSQL database,"Provision managed PostgreSQL in the same EU region as your app. Enable point-in-time recovery and daily backups out of the box. Use a migration tool (Prisma Migrate, Alembic, or similar) — never modify schema by hand in production. Postgres is non-negotiable here because of relational integrity, JSONB columns for flexible config, full-text search, and a deep ecosystem of tools for audit logging and RLS (row-level security) you may want later.",P0,0.5,2,"DB reachable from app, connection pool tuned, migrations apply cleanly, daily backups verified.",Done (dev),Postgres 16 via docker-compose (port 5434). Alembic migrations in apps/api/alembic/versions. RLS implemented (bim_app role + GUCs in tenancy.py). Production backups not yet configured.,Platform,Infrastructure — database layer,P0-AN,Phase 1,Infrastructure — database
4,Foundation,1,Auth integration,"Integrate Clerk, Supabase Auth, or Auth0 for email/password and magic-link login. Do NOT roll your own — secure auth is a tarpit, and your buyers will eventually require SSO/SAML which managed providers handle for free. Configure session lifetimes appropriate for B2B (e.g. 14-day refresh, 1-hour access tokens), enable rate limiting on login endpoints, and turn on breach-detection features. Email verification on signup is mandatory; magic links are friendlier than passwords for the kwaliteitsborger persona.",P0,1,1,"User can sign up, verify email, log in, log out, and reset password; sessions persist across reloads.",Done,"FastAPI Users library: signup, email verify, login, logout (JWT blocklist via Redis), refresh token, password reset. Rate limits: login 5/min, register 3/h, refresh 10/min, forgot 3/h. Tests in apps/api/tests/. NOTE: rolled with library not Clerk/Auth0 — SSO/SAML deferred.",Kwaliteitsborger + Aannemer,"Both sign up, log in, manage accounts",P0-AN,Phase 1,"Aannemer signs up, logs in, manages their account"
5,Foundation,1,UI shell with Dutch i18n scaffolding,"Build the base layout: navigation, sidebar, top bar, project switcher placeholder. Use Tailwind + shadcn/ui or similar for fast, accessible components. Set up i18n keys from day one (next-intl or react-i18next), default to Dutch, but never hardcode strings. Even though MVP is Dutch-only, the scaffolding makes Belgian/UK expansion a config change later. Establish design tokens (colors, spacing, typography) early so the product looks coherent.",P0,1,1,"App renders in Dutch with placeholder pages for projects, settings, and auth flows; design tokens documented.",Done,"Next.js portal (port 3001) with next-intl, en+nl message catalogs, @bimstitch/i18n package (defaultLocale='nl'), @bimstitch/ui components, @bimstitch/design-tokens, @bimstitch/tailwind-config. Sidebar + dashboard layout exist. Default locale is 'nl' (packages/i18n/src/common.ts).",Kwaliteitsborger + Aannemer,"Both see Dutch UI — KB plans, Aannemer manages",P0-AN,Phase 1,Aannemer sees Dutch UI with project navigation
6,Project Shell (single-user),2,Membership scaffold,"Create a `project_members` table linking users to projects with a role column. When a user creates a project, they're automatically inserted as the only member with role 'owner'. CRITICAL: every API endpoint that reads or writes project data must filter by membership from day one — even though only one user uses each project for the first 8 weeks. This avoids a painful permissions retrofit when multi-user lands in Week 10. Implement as middleware so it's applied consistently.",P0,0.5,"3,4","Project creation auto-inserts creator as owner; ALL project reads/writes filtered through membership table; tests verify a non-member sees a 404, not a 403.",Done,"project_members table (owner/editor/viewer), single-owner constraint, _require_membership in routers, RLS policies enforce tenant isolation. Tests: test_project_members.py, test_projects_rls.py.",Kwaliteitsborger + Aannemer,Both are project members with different roles,P0-AN,Phase 1,"Aannemer is project owner, membership gates all access"
9,Project Shell (single-user),2,Project entity,"The core domain object. Fields: address (street, postcode, city), bouwwerk type (woning/bedrijfspand/anders), gevolgklasse (hardcoded to 'gk1' for MVP), planned start date, expected oplevering date, current status (draft/active/completed/archived), and a free-text project description. Soft-delete only — never hard delete. Index on address fields and status for fast list queries. Status drives the deadline tracker logic later, so model it carefully.",P0,1,6,"User creates, edits, and archives a project; soft-deleted projects are hidden from lists but recoverable via admin.",Done,"Added neutral-coded fields: building_type (dwelling/commercial/other), consequence_class (Eurocode cc1/cc2/cc3), planned_start_date. Dutch labels (Woning/Bedrijfspand/Anders, Gevolgklasse 1/2/3) registered in jurisdictions/nl.py and exposed via GET /jurisdictions per NL-first/EU-ready policy. allowed_consequence_classes=('cc1',) gates CC2/CC3 server-side for NL (Wkb scope). Wizard StepDetails renders dropdowns; CC2/CC3 shown as disabled with 'buiten huidige scope' suffix. Alembic d3f8e9c1b2a4 (idempotent CREATE TYPE + clean down-revision). Live-verified via preview: POST 201 round-trips neutral codes, invalid 'warehouse' returns 422 enum, cc2 on NL returns 422 CONSEQUENCE_CLASS_OUT_OF_SCOPE.",Kwaliteitsborger + Aannemer,Either can create a project; both see project details,P0-AN,Phase 1,Aannemer creates projects — this is THEIR entry point
10,Project Shell (single-user),2,Instrument dropdown (hardcoded),"Hardcode a list of currently toegelaten instrumenten from the TloKB register: KiK, TIS Kwaliteitsborger Wkb, WKI-GK1, ADP-Bouwkwaliteit, etc. Store as a static enum or seed table — DO NOT scrape the TloKB register in MVP. The list changes maybe twice per year; manual update is fine. Show instrument name, instrumentaanbieder, and a link to the official methodology. The selected instrument drives template choices for risicobeoordeling and borgingsplan downstream.",P0,0.5,9,User selects an instrument when creating a project; selection is saved and shown on project detail page; updating the hardcoded list is documented in README.,Done,"[AANNEMER PIVOT] instrument_id made visually optional — dropdown shows 'Not yet known — KB will select' placeholder + hint text. Schema/API already accept null. Bilingual placeholder (nl: 'Nog niet bekend — wordt ingevuld door KB', en: 'Not yet known — KB will select') + hint text in messages/*.json. StepDetails.tsx renders optional dropdown with instrumentHint below. || Original: NL_INSTRUMENTS tuple in apps/api/src/bimstitch_api/jurisdictions/nl.py (KiK, TIS Kwaliteitsborger Wkb, WKI-GK1, ADP-Bouwkwaliteit) — last reviewed 2026-05-18. Exposed via GET /jurisdictions (instruments[] with id/name/provider/methodology_url). Project.instrument_id String(64) column on the model; ProjectCreate/Update accept it; routers/projects.py::_validate_instrument enforces it via find_instrument(country, id) and returns 422 INSTRUMENT_NOT_REGISTERED. Portal wizard StepDetails renders dropdown with provider · methodology link to tlokb.nl; useWizardOptions overlays localized labels from /jurisdictions. ProjectDetailHeader shows selected instrument as ⚖ {name} linking to methodology_url with provider in title attr. Update cadence documented in apps/api/src/bimstitch_api/jurisdictions/README.md (Updating toegelaten instrumenten section). Tests: test_create_project_with_instrument_id_round_trips, test_create_project_rejects_unknown_instrument_id, test_patch_project_instrument_id_validated, test_jurisdictions_endpoint_exposes_nl_instruments in apps/api/tests/test_projects.py. Live-verified via preview: PATCH instrument_id='tis-kwaliteitsborger-wkb' on a project, detail header renders 'TIS Kwaliteitsborger Wkb' → tlokb.nl with title 'Toegelaten instrument · SWK'.",Kwaliteitsborger,KB selects their certified instrument per project; Aannemer sees it read-only,P1-AN,Phase 3,Aannemer sees which instrument the KB uses; not needed until KB joins. Can default to 'KB will select'.
12,Project Shell (single-user),2,Project list & detail UI,"List view with search, filter by status, and sort by start date. Show address, gevolgklasse, days-to-next-deadline, and status pill. Detail page is tabbed: Overview / Borgingsplan / Inspecties / Bevindingen / Documenten / Rapporten. Use empty states with calls-to-action ('No inspections yet — create your first borgingsmoment'). The detail page is where users live for hours per project, so spend extra time on information density without clutter.",P0,1,9,User sees only projects they're a member of; clicks into detail page; tabs render placeholder content; empty states guide next action.,Done,"[AANNEMER PIVOT] Tabs reordered: Overzicht → Documenten → Bevindingen → Modellen. Borgingsplan + Inspecties tabs removed from RightColumnTabs.tsx (components retained for future KB re-add). OverzichtTab absorbs deadline content. ComplianceByDomainCard no longer imported. RightColumnTabs now imports only OverzichtTab, AttachmentsTab, BevindingenTab, ModelsTab. || Original: List: ProjectList/ProjectCard with status pill, address, ProjectFormDialog wizard, archive/reactivate. Detail: ProjectDetailHeader + ComplianceHealthCard + ComplianceByDomainCard + RightColumnTabs. All six tabs wired in RightColumnTabs.tsx: Models, Borgingsplan (RiskAssessmentSection + BorgingsplanSection — real domain content), Inspecties / Bevindingen / Documenten (EmptyState placeholders gated on future Risk/Finding/Document tables), Rapporten.",Kwaliteitsborger + Aannemer,"Both navigate projects — KB sees inspection focus, Aannemer sees deadline/finding focus",P0-AN,Phase 1,"Aannemer navigates projects, sees deadlines and dossier status on detail page"
13,Wkb Planning,3,Risicobeoordeling data model,"A Risk record has: project_id, category (enum from Bbl: constructieve veiligheid, brandveiligheid, gezondheid, energiezuinigheid, bruikbaarheid), level (laag/midden/hoog), description, mitigation measure, responsible party (free text in MVP, FK to user later), and an optional Bbl article reference. Risks roll up into the borgingsplan — high-level risks generate more inspection moments. Index on (project_id, category, level) for fast filtering. Audit log every change because the risicobeoordeling is legally significant evidence.",P0,1,9,Schema migrations apply; CRUD APIs expose risks per project; risk changes appear in audit log.,Done,"models/risk.py (RiskCategory/RiskLevel enums, full fields), routers/risks.py (137-line CRUD with require_permission gates), schemas/risk.py (Create/Update/Read), migration b7c4e2f9d8a1 + RLS policy, 19 tests in test_risks.py covering enum validation + RLS isolation + role gates + cascade. Resource.risk in permission matrix. Audit-log entries deferred to #36 wiring.",Kwaliteitsborger,KB creates and owns the risicobeoordeling; Aannemer can view but not edit,KB-only,KB Layer,Aannemer does not create risks. Views the KB's risicobeoordeling if KB is in the system.
14,Wkb Planning,3,Risicobeoordeling UI with Bbl templates,"Form with the 5 Bbl categories as collapsible sections. Each section pre-populated with 3-5 common risks for Gk1 (e.g., under brandveiligheid: 'compartimentering tussen woningen', 'rookwerendheid trappenhuis', 'brandbare gevelmaterialen'). User picks from suggestions or adds custom. Include an optional free-text Bbl article reference field per risk for forward-compatibility with the future rule library. The templates encode domain expertise from your kwaliteitsborger advisor — this is where domain partnership pays off.",P0,1.5,13,User adds risks across all 5 categories from templates or custom; saved risks render correctly; templates editable by admin.,Hidden (Aannemer Mode),"[AANNEMER PIVOT] Hidden — KB-only feature. Tab removed from RightColumnTabs. Re-add post-MVP when KB joins. || Original: RiskAssessmentSection.tsx with 5 Bbl category collapsible sections, useBblRiskCatalog hook from GET /jurisdictions. NL_BBL_RISK_TEMPLATES in jurisdictions/nl.py: 16 templates across 5 categories (structural_safety 3, fire_safety 4, health 3, energy_efficiency 3, usability 3), all bilingual nl+en. Template adoption dedup by title. RiskCreate/RiskUpdate/RiskDelete mutations. Custom risk freehand entry supported.",Kwaliteitsborger,KB fills in risks using Bbl templates; Aannemer has no role here,KB-only,KB Layer,Aannemer has no role in risk template UI.
15,Wkb Planning,3,Borgingsplan data model,"A Borgingsplan is tied to a project (1:1 in MVP). It has version, status (draft/published/superseded), creation/publication timestamps, and links to the kwaliteitsborger who created it. Contains many Borgingsmomenten. Once published, edits create a new version (audit trail). Plan structure: phase → moment → checklist items. Schema must support polymorphic checklist items (text item, document-required item, photo-required item, IFC-element-linked item for Stage 2).",P0,1,13,Schema in place; APIs return structured plan data; plan versioning works; superseded versions retained.,Done,"models/borgingsplan.py (BorgingsplanStatus: draft/published/superseded, version_number, created_by_user_id), models/borgingsmoment.py (BorgingsmomentPhase/Status enums, sequence_in_phase, planned/actual date), models/checklist_item.py (ChecklistItemType, EvidenceType, pass_fail_criteria, linked_element_global_id for Stage 2), models/checklist_item_result.py (InspectionVerdict, photo_ids JSONB, voice_note_id). Migration c8e2a4b6f9d3. Denormalized project_id on moments + items for RLS. Unique partial index enforces one active plan per project.",Kwaliteitsborger,KB creates the borgingsplan; Aannemer views the published version,KB-only,KB Layer,Aannemer views published borgingsplan (read-only). Does not create.
16,Wkb Planning,3,Borgingsmoment with checklist items,"Each moment represents a planned inspection event. Fields: phase (fundering, ruwbouw, dak, afbouw, oplevering, overig), planned date, actual date (null until inspection done), responsible kwaliteitsborger, status, notes. Each moment owns 5-20 checklist items. Each item: description, required evidence type (photo / certificate / measurement / document / signature), Bbl reference (optional), pass/fail criteria description. Order matters — items must render in the sequence the kwaliteitsborger walks them.",P0,1.5,15,Moments visible in chronological order on project page; checklist items render in defined sequence; each item shows its required evidence type.,Done,"routers/borgingsplan.py (954 lines) — full CRUD for plans, moments, checklist items. Generate from NL_BORGINGSMOMENT_TEMPLATES (8 templates with checklists), clone, reorder (sequence_in_phase). Permission-gated via require_permission on Resource.assurance_plan. Eager loading via selectinload chains. Tests in test_borgingsplan.py. Portal: BorgingsplanSection.tsx renders moments grouped by phase with checklist items in sequence.",Kwaliteitsborger,KB defines when and what to inspect; Aannemer sees the schedule,KB-only,KB Layer,Aannemer sees borgingsmoment schedule (read-only) to know when KB visits.
17,Wkb Planning,3,Borgingsplan UI with phase templates,"User picks a project type and the system generates a default borgingsplan: ~6-10 borgingsmomenten across the 5 phases, each with templated checklist items derived from the risicobeoordeling. User can add, remove, reorder, and customize freely. Show a Gantt-style timeline view AND a list view — kwaliteitsborgers will use both. Provide a 'Reset to template' option for users who customize too aggressively and want to start over.",P0,1,16,"User generates plan from template, edits it, saves; both timeline and list views work; reset-to-template restores defaults without data loss elsewhere.",Hidden (Aannemer Mode),"[AANNEMER PIVOT] Hidden — KB-only feature. Borgingsplan tab removed from project detail. Re-add post-MVP when KB joins. || Original: BorgingsplanSection.tsx with phase timeline, useBorgingsplanCatalog hook, generate/reset mutations (useGenerateBorgingsplan), version history (useBorgingsplanVersions), checklist editing per moment. borgingsmoment_phase_labels from jurisdictions/nl.py drive Dutch/English phase names. risk_category_to_phases mapping auto-generates Beheersmaatregel checklist items from the risicobeoordeling.",Kwaliteitsborger,KB generates and customizes the plan from templates,KB-only,KB Layer,Aannemer has no role in plan template generation.
18,Mobile Inspection,4,PWA setup (browser-based mobile app),"Strategic choice: build a Progressive Web App, NOT native iOS/Android. PWA = a website that behaves like a native app: installable on home screen, full-screen launch, offline-capable, uses camera/GPS, push notifications. One codebase serves desktop (planning, dossiers) and mobile (site inspections). Native apps would mean 3x the work, App Store delays, Apple's 30% subscription cut, and slow updates — unacceptable for a compliance tool that must stay current with law changes. Configure: service worker via Workbox, web app manifest with proper icons (Android needs maskable, iOS needs apple-touch-icon meta tags), install prompt logic, offline shell caching. Test installation on iOS Safari and Android Chrome — both have quirks but both work. The PWA must launch full-screen from home screen with a splash screen, not browser chrome. This single setup is the difference between 'a website inspectors avoid' and 'an app inspectors actually use on site'.",P0,1,5,PWA passes Lighthouse install criteria; installs on both iOS Safari and Android Chrome; launches full-screen from home screen with splash screen; offline shell loads when no network.,Mostly Done,"Scaffolding + install-prompt UI: manifest.ts (lang=nl, standalone), public/sw.js (offline shell + runtime cache), ServiceWorkerRegistrar, icon.svg + icon-maskable.svg, appleWebApp metadata + theme color. PwaInstallPrompt component (apps/portal/src/components/PwaInstallPrompt.tsx) listens to beforeinstallprompt on Chrome/Edge (dismissable, 14-day local-storage TTL), shows iOS-Safari share-icon hint after 3s idle for browsers that never fire the event, and mounts globally from [locale]/layout.tsx. Bilingual nl/en strings under pwaInstall in messages/{en,nl}.json. Tests: PwaInstallPrompt.test.tsx (4 cases: hidden by default, install flow, dismiss persistence, recent-dismissal honored). REMAINING: 192x192/512x512 PNG icons for strict Lighthouse coverage, field-test on iOS Safari + Android Chrome.",Kwaliteitsborger (primary) · Aannemer (secondary),KB uses PWA for site inspections; Aannemer uses it for finding resolution on-site,P1-AN,Phase 2,Aannemer uses PWA for uploading resolution photos on-site and viewing documents on mobile.
19,Mobile Inspection,4,Mobile inspection screen UI (responsive web),"The most important screen in the product. Built as responsive web inside the same Next.js/SvelteKit app — no separate native codebase. Inspector sees the assigned moment, taps through checklist items one at a time. Big touch targets (min 48px), high-contrast text (sun glare on construction sites is real), gloves-friendly (no precise hover/tap targets, no swipes that conflict with browser gestures). Each item screen shows: item description, evidence requirement, big pass/fail/n.v.t. buttons, photo button, voice-note button, free-text note. Bottom sticky bar shows progress (e.g. '7 of 12'). Uses media queries to adapt — same React/Svelte components serve a kwaliteitsborger on a desktop reviewing dossiers AND an inspector on a phone. Field-test with a real kwaliteitsborger; this is where every minute of UX investment pays back tenfold.",P0,2,"16,18",Usable on a 5-inch screen with one hand; passes WCAG contrast checks; tested on actual construction site with sun glare and gloves; same component renders cleanly on desktop too.,Mostly Done,"InspectionScreen.tsx + ItemCard.tsx + VerdictButtons.tsx + NoteField.tsx + ProgressBar + prev/next navigation. Route at /(inspection)/projects/[id]/inspect/[momentId]. Flexbox/Tailwind responsive layout works on mobile. REMAINING: explicit mobile-first breakpoints, min 48px touch targets, gloves-friendly sizing (no precise tap targets), landscape handling, high-contrast mode for sun glare, field-test on construction site with real kwaliteitsborger.",Kwaliteitsborger,KB walks the site tapping through checklist items — this is their core screen,KB-only,KB Layer,Inspection screen is KB's workflow. Aannemer doesn't do inspections.
20,Mobile Inspection,4,Photo capture with EXIF + timestamp,Capture photo via browser MediaDevices API (or `<input type=file capture=environment>` for mobile fallback). Preserve original EXIF data on upload — DO NOT strip it. Server attaches its own timestamp at upload time (do not trust client clock; phones can be off). Store the photo and metadata in S3 with an immutable key. Compress client-side with imageCompression library to ~1-2 MB before upload to save bandwidth on bad site connections. The server-side timestamp is critical evidence for the cryptographic chain you'll add in v2.,P0,1,19,Uploaded photo retains original EXIF; server timestamp recorded separately; file size reasonable; photo viewable in gallery.,Done,"capture_metadata JSONB column on Attachment model (merged into 0001_initial_tenant migration). Client-side EXIF extraction via exifr library (apps/portal/src/lib/upload/captureMetadata.ts): extractExif() picks ~15 EXIF tags (make, model, date_time_original, GPS, orientation, dimensions, exposure settings). Server stamps server_received_at on the metadata dict before persisting — client clock is informational only. Both upload paths wired: authenticated (AttachmentsTab.tsx) and public capture link (CaptureUploadPage.tsx). Pydantic schemas: GeolocationData, ExifData, CaptureMetadataInput in schemas/attachment.py. Zod schema updated in portal. 7 new tests (5 in test_attachments.py, 2 in test_capture_links.py). DEFERRED: client-side image compression (breaks SHA-256 dedup — separate PR); server-side EXIF extraction (would need pillow dep).",Kwaliteitsborger (primary) · Aannemer (secondary),KB captures inspection photos; Aannemer captures resolution evidence photos,P1-AN,Phase 2,Aannemer captures resolution evidence photos with EXIF + timestamp when fixing findings on site.
21,Mobile Inspection,4,Geolocation tagging,"Use browser Geolocation API at photo capture time. Store lat/lng/accuracy on the inspection record. Handle three cases: (1) permission granted and accurate — store coords, (2) permission granted but low accuracy (>50m) — store with warning flag, (3) permission denied — store nothing, mark inspection as 'no geolocation'. Show a small map preview on inspection detail later. Geolocation strengthens the evidence chain ('this photo was taken at the project site') and helps spot-check fraud, but never block inspection if denied — sites without GPS are common.",P0,0.5,20,Location captured when permission granted with accuracy stored; graceful fallback when denied; never blocks inspection completion.,Done,"requestGeolocation() in apps/portal/src/lib/upload/captureMetadata.ts: wraps navigator.geolocation.getCurrentPosition with enableHighAccuracy, returns discriminated union (granted/denied/unavailable). Sets low_accuracy: true when accuracy > 50m. Requested once at page load, cached in React ref — never blocks upload. All three cases handled: (1) granted+accurate → lat/lng/accuracy stored in capture_metadata.geolocation, (2) granted+low accuracy → stored with low_accuracy flag, (3) denied/unavailable → geolocation: null, upload proceeds. Wired into both CaptureUploadPage.tsx and AttachmentsTab.tsx. GeolocationData Pydantic model with lat/lng/accuracy/altitude/altitude_accuracy/low_accuracy fields. Bilingual i18n strings (geolocationRequesting/Granted/Denied) in en.json + nl.json. DEFERRED: map preview on attachment detail view.",Kwaliteitsborger,GPS tags KB's inspection location as evidence,P1-AN,Phase 2,Geotag on aannemer's resolution photos strengthens the evidence chain.
22,Mobile Inspection,4,Pass / fail / n.v.t. + notes,"Per checklist item: three big buttons (pass/fail/n.v.t.), free-text note field, optional voice-to-text via browser SpeechRecognition API (Chrome-only on Android; Safari has limited support — degrade gracefully). 'n.v.t.' (niet van toepassing = not applicable) requires a reason note (otherwise it becomes a loophole for skipping checks). 'fail' auto-flags the item to become a bevinding in Week 5. Inspector should mark a status and add a note in under 10 seconds per item; instrument and time this in field testing.",P0,1,19,Inspector marks status and adds note in <10 seconds per item; n.v.t. requires reason; fail auto-creates bevinding draft.,Done,"InspectionVerdict enum (pass_verdict/fail/not_applicable) in models/checklist_item_result.py. ChecklistItemResult model with verdict+note+photo_ids(JSONB)+voice_note_id+inspector_user_id+inspected_at. routers/inspection.py endpoint POST /borgingsmomenten/{id}/checklist-items/{id}/result with NVT-requires-note validation. Portal: VerdictButtons.tsx (3 big buttons), NoteField.tsx, ItemCard.tsx with save flow. schemas/inspection.py (ResultCreate, ChecklistItemResultRead, InspectionSummaryRead). REMAINING: fail auto-creates bevinding draft (gated on #25 Finding model).",Kwaliteitsborger,KB marks each checklist item pass/fail/n.v.t. during inspection,KB-only,KB Layer,Pass/fail/n.v.t. is KB's action during inspection. Aannemer doesn't mark these.
23,Offline & Findings,5,Offline queue (IndexedDB),"Cache the active borgingsplan, checklist items, and any reference docs locally in IndexedDB on first load. When inspector goes offline, queue inspection actions (status changes, notes, photos as base64 or Blob references) in a separate IndexedDB store with a monotonic sequence number. Show a clear 'offline mode' indicator. The queue must survive browser closes and device reboots. Use Dexie.js or idb-keyval to avoid raw IndexedDB pain. Test in airplane mode AND with intermittent connectivity — the harder case.",P0,2,"19,20",Inspector completes a full inspection in airplane mode; data persists across browser close; intermittent connectivity does not corrupt queue.,Not Started,,Kwaliteitsborger,KB works offline on construction sites with bad signal,P2-Deferred,Last,Offline inspection is KB's need — deferred to end of backlog.,Offline inspection is KB's need. Aannemer mostly works from office/car with connectivity.
24,Offline & Findings,5,Sync logic when online,"When network returns, upload queued items in sequence order. Photos upload first (large, slow), then metadata. Show progress indicator and per-item sync status. Handle conflict resolution: if the same item was edited online by another user (rare in MVP, common in v2), server data wins and a conflict warning is shown. Retry with exponential backoff on transient failures. Failed items stay queued; never silently drop data. Log sync events to audit log.",P0,1.5,23,All queued items reach server in order; UI shows sync progress; transient failures retry; permanent failures surface clearly to user.,Not Started,,Kwaliteitsborger,KB's offline data syncs when back online,P2-Deferred,Last,Sync logic depends on #23 — deferred to end of backlog.,Sync logic primarily serves KB's offline inspections.
25,Offline & Findings,5,Bevinding (finding) creation,"When a checklist item is marked 'fail', a draft bevinding is created automatically with: linked checklist item, project, severity (defaults to 'medium', user can change), description prepopulated from the inspection note, photo evidence linked. User can promote draft to formal finding by adding required deadline and assignee. Findings are first-class objects with their own lifecycle, not just sub-records of inspections — this matters because they must be tracked across multiple inspections (a fire-safety issue might span fundering and ruwbouw phases).",P0,1,22,Failed checklist item creates draft bevinding; draft is editable; promotion to formal finding requires deadline and assignee; finding appears in project's findings tab.,Not Started,"NOTE: portal already has IssuesTab + IssueDetailModal driven by arbiter results — that's compliance-rule violations, not human inspection findings. Different domain object.",Kwaliteitsborger (creates) → Aannemer (receives),KB's failed check auto-creates a finding; Aannemer is notified and must respond,P0-AN,Phase 2,"REFRAMED for aannemer: aannemer creates findings manually from KB's email/PDF inspection report. When KB joins later, findings auto-create from failed checks instead."
26,Offline & Findings,5,Bevinding status workflow,"Status state machine: draft → open → in_behandeling → opgelost → geverifieerd. Only specific role transitions are allowed (e.g., only kwaliteitsborger can verify; aannemer marks as opgelost; kwaliteitsborger then geverifieerd). Each transition writes to the audit log with actor, timestamp, and optional comment. Block reverting status (e.g., geverifieerd cannot go back to open) — this protects evidence integrity. Show finding history as a timeline.",P0,0.5,25,User changes status only along legal transitions; audit log records every change; history timeline visible on finding detail; unauthorized transitions return 403.,Done,"WS3 shipped. routers/finding.py::update_finding enforces a legal transition map _FINDING_TRANSITIONS: draft→{open}, open→{in_progress,resolved}, in_progress→{resolved,open}, resolved→{verified,in_progress}, verified→{} (terminal, no revert). Illegal jumps return 422 FINDING_ILLEGAL_TRANSITION; same-status writes are no-ops; the draft→open promotion still requires deadline+assignee. Every transition is audit-logged (finding.resolved / finding.verified / finding.promoted / finding.updated) and a finding_resolved notification fires on resolve. Status timeline rendered in FindingDetailModal.tsx. Tests in test_findings.py.",Kwaliteitsborger + Aannemer,KB creates and verifies findings; Aannemer resolves them. Both drive the state machine.,P0-AN,Phase 2,Aannemer drives the resolution side: open → in_behandeling → opgelost. KB verifies (when in system).
27,Offline & Findings,5,Resolution evidence upload,"When a finding is marked 'opgelost' (resolved), the user must attach evidence: a photo, a document (e.g., remediation certificate), or a written explanation referencing other evidence. Cannot mark as resolved without evidence. The kwaliteitsborger sees this evidence when transitioning to 'geverifieerd'. This is the legal core of the system — every claim of resolution must have supporting proof retained for 10 years.",P0,0.5,26,Cannot transition to opgelost without evidence; evidence is permanently linked to the finding; kwaliteitsborger reviews evidence before verification.,Done,"WS3 shipped. Finding.resolution_note (Text) + resolution_evidence_ids (JSONB) added via migration 0003_tenant_finding_resolution. update_finding evidence gate: a transition into resolved requires a non-empty resolution_note AND at least one resolution_evidence_ids, else 422 FINDING_RESOLVE_REQUIRES_EVIDENCE — no silent close. Verification is inspector-only (403 FINDING_VERIFY_REQUIRES_INSPECTOR), so the kwaliteitsborger reviews the evidence before geverifieerd. Portal: FindingDetailModal resolution dialog (note + evidence picker reusing FindingPhotos) and an inspector-only Verifiëren button; bilingual resolution.* / verify.* keys in en.json + nl.json. Tests in test_findings.py.",Aannemer,Aannemer uploads resolution evidence (photo/cert) to close a finding; KB reviews it,P0-AN,Phase 2,"Aannemer uploads resolution evidence (photo, certificate, written explanation) to close findings."
28,Deadlines,6,Deadline tracker logic,"Compute three meldingen deadlines per project: bouwmelding = planned_start_date - 4 weeks, informatieplicht = planned_start_date - 2 working days, gereedmelding = oplevering_date + 10 working days. Working days exclude weekends and Dutch national holidays (use a holiday calendar library). Recompute when project dates change. Store as separate deadline records with status (upcoming/met/missed/n.v.t.) so they can be queried independently. The kwaliteitsborger and aannemer both see deadlines on the project dashboard, but the contractor is the one legally responsible for filing.",P0,1,9,Deadlines correctly computed including working-day logic; updates when project dates change; displayed prominently on project page.,Done,"deadlines/compute.py (bouwmelding T-28d, informatieplicht T-2wd, gereedmelding T+10wd), deadlines/working_days.py (Dutch holiday calendar), models/deadline.py (DeadlineStatus: pending/met/not_applicable), deadlines/settings.py. System-managed upsert recomputes on date changes. Stored as separate Deadline records per project.",Kwaliteitsborger + Aannemer,Both see deadlines; Aannemer is legally responsible for filing meldingen,P0-AN,Phase 1,THE #1 aannemer feature. They are legally responsible for filing all 3 meldingen. Missing one = project shutdown.
29,Deadlines,6,Email reminder system,"Cron job (or scheduled task in Postmark/SendGrid) runs daily, identifies upcoming deadlines, and sends reminders at T-30, T-14, T-7, T-1 days for each unmet melding. Email includes deadline name, due date, days remaining, project link, and what action to take. Templated in Dutch. Preference: respect user notification settings (mute project, mute role). Critical: idempotent so a cron retry does not double-send. The reminder system is what customers will pay for — losing a bouwmelding deadline is illegal, and your tool prevents it.",P0,1.5,28,Test project triggers reminders at correct intervals; emails delivered; idempotent under duplicate cron runs; respects user mute settings.,Done,"deadlines/reminder_engine.py (background asyncio task, configurable sweep interval, multi-tenant aware), models/deadline_notification_log.py (idempotent — prevents double-send), models/deadline_notification_settings.py (user mute prefs). Sends at T-30/14/7/1 via PostmarkEmailTransport (falls back to SMTP/MailHog in dev). deadlines/settings.py for configuration.",Kwaliteitsborger + Aannemer,Both receive email reminders — Aannemer especially for bouwmelding/gereedmelding,P0-AN,Phase 1,Email reminders at T-30/14/7/1 prevent the aannemer from missing legally critical deadlines.
30,Deadlines,6,In-app notifications,"Notification center accessible from top bar (bell icon with unread badge). Shows recent activity and upcoming deadlines. Each notification has type, severity, project link, timestamp, read/unread state. Real-time push not required for MVP (polling every 60s is fine). Group similar notifications (e.g., '5 inspections completed today on Project X'). Provide 'mark all as read' and per-notification mute. This is also where v2 evidence-chain warnings will surface, so design the data model to be extensible.",P0,1,28,User sees unread count badge; notifications group sensibly; mark-as-read works; mute does not lose audit trail.,Done,"Notification + NotificationRead tables exist. REST + WebSocket endpoints in routers/notifications.py + ws_notifications.py. NotificationEventType: deadline_upcoming, deadline_missed, finding_created, finding_resolved, invitation_sent, invitation_accepted. NotificationsBell.tsx in portal header with unread badge count + grouping logic. features/notifications/ with useNotifications hook. Deadline producers wired via reminder_engine (#29). Tests: test_notification_event_types.py. REMAINING: per-notification mute UI; finding/invitation event producers (gated on #25/#8 domain objects).",Kwaliteitsborger + Aannemer,Both see in-app notifications for deadlines and activity,P0-AN,Phase 1,In-app deadline notifications keep aannemer aware across all their projects.
31,PDF Generation,7,Borgingsplan PDF template,"Filing-ready PDF template suitable as bouwmelding attachment. Cover page with project info, kwaliteitsborger name and registration, instrument used, date. Sections: risicobeoordeling table, borgingsmomenten timeline, checklist items per moment, signature block. Match the visual style expected by the chosen instrumentaanbieder (some have specific layout requirements). Use Puppeteer with HTML/CSS templates rather than a PDF library directly — easier to iterate on design. Generate Dutch text only for MVP.",P0,1.5,"14,17",Generated PDF accepted as bouwmelding attachment in test submission; matches instrumentaanbieder layout if specified; reproducible (same input yields same PDF).,Not Started,,Kwaliteitsborger (generates) → Aannemer (files),KB generates borgingsplan PDF; Aannemer downloads it for bouwmelding filing,P2-Deferred,Last,KB generates this PDF — deferred to end of backlog.,Borgingsplan PDF is generated by KB. Aannemer receives it as upload or from KB in system.
32,PDF Generation,7,Verklaring kwaliteitsborger PDF,"Short, formal declaration document at project completion. Contains: kwaliteitsborger details (name, KvK, instrument registration), project ID, project address, declaration text ('Hierbij verklaart [naam] dat het bouwwerk voldoet aan...'), date, electronic signature placeholder, audit ID hash. Less than 2 pages. Tone is legal, not friendly. Once signed, locked: no further edits, only revocation. The verklaring is what legally allows the building to be occupied — it is the highest-stakes document in the system.",P0,1,31,PDF generated with all required fields; locked from edit after signing; revocation creates a versioned superseding declaration; legally reviewable text.,Not Started,,Kwaliteitsborger,KB signs the verklaring — only they have this legal authority,P2-Deferred,Last,Verklaring is KB's document — deferred to end of backlog.,Verklaring is KB's document. Aannemer receives it at project completion.
33,PDF Generation,7,Dossier bevoegd gezag PDF,"The big one — the full evidence package for the gemeente at gereedmelding. Contains: cover page, table of contents, project info, instrument details, risicobeoordeling, full borgingsplan, every inspection with photos, every finding with resolution evidence, certificates referenced, kwaliteitsborger verklaring. Often 50-200 pages. Generated asynchronously due to size — queue the job, email when ready. Embedded photos at print-quality resolution but optimized to keep total under ~50MB. Include page numbers, headers with project ID, footer with generation timestamp.",P0,2,"16,25,31",Multi-page PDF with embedded photos and structured sections; under 50MB for a typical project; generation completes within 5 minutes; emailed when ready.,Not Started,,Kwaliteitsborger (generates) → Aannemer (files),KB generates the dossier; Aannemer downloads and files with gemeente at gereedmelding,P0-AN,Phase 3,"Dossier bevoegd gezag: aannemer needs this generated for gereedmelding filing. In contractor-first mode, it bundles all uploaded documents into a filing package."
34,PDF Generation,7,PDF generation pipeline,"Server-side rendering pipeline using Puppeteer (HTML→PDF) or react-pdf. Job queue (BullMQ on Redis, or pg-boss on Postgres) so large dossier generation doesn't block API. Reproducible: same input data produces byte-identical PDF (important for evidence). Storage: write to S3 with versioned keys. Cleanup: failed jobs retried twice, then surfaced to user with error reason. Monitor queue depth and generation time — large dossiers can balloon and you'll want metrics from day one.",P0,1.5,31,Same input produces same PDF byte-for-byte; jobs queued and retried; large dossiers generate within 5 minutes; failed jobs surface error to user.,Partial,"Compliance report pipeline fully working: BullMQ on Redis, Job table (JobType.compliance_report), processor Puppeteer rendering (apps/processor/src/pipeline/report/), MinIO upload, Report model with status lifecycle (queued/running/ready/failed), routers/reports.py + ComplianceReportsSection.tsx. Report model already reserves slots for assurance_plan/completion_declaration/dossier (commented in ReportType enum). REMAINING: add ReportType values + processor templates for #31/#32/#33.",Platform,Infrastructure — PDF pipeline serves both users' generated documents,P0-AN,Phase 3,PDF pipeline serves dossier generation for aannemer's gereedmelding filing.
35,Storage & Retention,8,Document storage with immutable versioning,"All photos, PDFs, IFCs, certificates stored in EU S3 (or equivalent) with object versioning enabled. Uploading a file with the same logical name does NOT overwrite — it creates a new version row in the documents/document_files tables. Old versions retained indefinitely (soft-delete only). Use signed URLs with short expiry (15 min) for downloads — never expose raw S3 keys. Encrypt at rest with KMS. This combination of versioning + soft-delete + audit log is the legal foundation of the 10-year retention obligation.",P0,1.5,2,Uploading same filename twice yields two distinct version rows; both retrievable; signed URLs expire; encryption verified; audit log records every upload.,Partial,"S3/MinIO with presigned URL (15 min default), two-phase upload (initiate→PUT→complete), ProjectFile.version_number per Model, immutable storage_key. ProjectFile now carries SoftDeleteMixin (deleted_at) so the version-pinning + soft-delete pattern is consistent. NOT generic across all entity types yet (no Document table abstraction over inspection photos / certificates / etc.). KMS at-rest encryption deferred to prod infra. NEXT: introduce a generic documents/document_files pair as a follow-up — substantial work that should land alongside #47 inspection-document linking.",Kwaliteitsborger + Aannemer,Both upload and access documents; Aannemer's 10-year liability makes this critical for them,P0-AN,Phase 1,"Aannemer uploads drawings, certificates, calculations from day one. 10-year retention protects their liability."
36,Storage & Retention,8,Append-only audit log,"Every create/update/delete on key entities (projects, plans, moments, inspections, findings, documents) writes a row to an append-only audit_log table with: actor user_id, action, entity_type, entity_id, before_value (JSON), after_value (JSON), timestamp, IP, user_agent. The table has no DELETE or UPDATE permissions in the database role used by the app — only INSERT. Backups of this table go to a separate cold storage. This is the foundation of evidentiary defense for the contractor's 10-year liability.",P0,1,6,Audit log entries cannot be modified or deleted via API or app DB role; backed up separately; queries by entity show full history; legal review confirms tamper-evidence.,Mostly Done,"AuditLog model in models/audit_log.py (MasterBase/public schema): user_id, impersonator_user_id, organization_id, action (dotted code), resource_type, resource_id, before/after JSONB, request_id, ip_address, user_agent, created_at. audit.py helper: record() with redaction (REDACT_FIELDS_BY_TABLE), request-context extraction, impersonator auto-resolution. Indexes: org+time, user+time, resource, action+time, impersonator+time. All domain routers wired: risks.py (risk.created/updated/deleted), borgingsplan.py (13 actions — plan lifecycle + moment + checklist-item), projects.py (project + member mutations), inspection.py (start/submit/complete). Permission denials logged via log_permission_denied() in a separate master session (survives tenant-txn rollback). Tests in tests/test_audit_wiring.py (5 cases). List endpoints in admin_organizations.py and organization_members.py. REMAINING: DB-level REVOKE DELETE/UPDATE on audit_log FROM bim_app (infrastructure migration); cold-storage backup of audit_log table.",Platform,Infrastructure — audit log protects both users legally but neither interacts with it directly,P0-AN,Phase 2,Audit log is the aannemer's legal defense in defect disputes. Every action is tamper-evident evidence.
37,Storage & Retention,8,Soft-delete implementation,"Add `deleted_at` timestamp to every domain table. Default queries filter out soft-deleted rows. Admin tools can show/restore them. Hard-delete only allowed by superuser admin command, logged separately, and only for GDPR right-to-erasure requests (rare and special-case). 'Delete' in the UI always means soft-delete. The 10-year retention regime requires that nothing important truly disappears, even when users intend to remove it.",P0,0.5,36,All entity 'deletes' set deleted_at; default queries hide them; admin can restore; hard-delete requires superuser command and logs separately.,Mostly Done,SoftDeleteMixin shipped (apps/api/src/bimstitch_api/models/_mixins.py) — nullable deleted_at + is_deleted property + idempotent soft_delete()/restore() helpers. Applied to Model + ProjectFile. Project keeps its richer lifecycle_state (active/archived/removed) state machine. Alembic g1h2i3j4k5l6 adds the columns + partial indexes (ix_models_active / ix_project_files_active) for the common active-rows query. Purely additive — legacy queries that don't filter on deleted_at keep working. Tests: test_soft_delete_mixin.py (6 cases incl. idempotency). NEXT: wire UI-level 'delete' calls on Model/ProjectFile to call soft_delete() instead of DELETE; extend to Risk/Borgingsplan/Borgingsmoment/ChecklistItem when those acquire UI deletes.,Platform,Infrastructure — soft-delete protects the 10-year evidence chain for both,P0-AN,Phase 2,Soft-delete protects the 10-year evidence chain. Nothing the aannemer uploads can truly disappear.
46,Documents & Viewers,9,Inline PDF viewer (PDF.js),"Browser-based PDF viewer using Mozilla's PDF.js. Embed in document detail page and as modal overlay from inspection/finding screens. Support: zoom (pinch and buttons), pan, page navigation, full-text search within doc, page thumbnails sidebar. Mobile-optimized — viewing a tekening on a phone needs gesture-based zoom that actually works. Lazy-load page rendering for large PDFs. Print/download buttons should respect document immutability (don't allow editing the original).",P0,1,35,User opens any uploaded PDF in-app on phone or desktop without downloading; pinch zoom works; large PDFs (>50 pages) don't freeze browser.,Done,"DocumentViewer.tsx (pdfjs-dist): zoom (Ctrl/Meta+wheel, pinch, buttons), pan (middle-mouse, drag tool), page navigation (PagesPanel sidebar), full-text search (searchText with per-doc cache, Search toolbar group), rotation, fit-page/fit-width/actual-size, keyboard shortcuts (useDocumentShortcuts). Two-finger touch pinch for mobile. Lazy page loading via disableAutoFetch. Viewer route at /(viewer)/projects/[id]/models/[id]/viewer/[fileId] dispatches by file_type. ViewerStatusBar for zoom%/rotation/tool picker. Tests: DocumentToolbar.test.tsx (3 cases). Text-layer highlight rendering DONE: PDF.js TextLayer renders transparent text spans over canvas (text selection + search highlighting). Search matches highlighted yellow (bq-highlight), active match orange (bq-highlight active). Match-level prev/next navigation with '{current} / {total}' counter. CSS in globals.css (bq-text-layer class). Toolbar updated for match-level stepping (globalToLocal helper). Props: searchHighlight + onPageMatchCount on DocumentViewer, onSearchHighlightChange on DocumentToolbar. Tests: 3/3 passing. DEFERRED: modal-overlay from inspection/finding screens (gated on #25).",Kwaliteitsborger + Aannemer,"Both view uploaded PDFs (drawings, certificates, calculations) inline",P0-AN,Phase 1,"Aannemer views drawings, certificates, calculations inline. No need to download and open separately."
47,Documents & Viewers,9,Reference document from inspection or finding,"From an inspection or bevinding, link existing project documents (drawings, certificates) as references — NOT duplicates. Implement as an `inspection_documents` and `finding_documents` join table. Show linked docs as thumbnails on the inspection/finding detail; tap to open in inline PDF viewer. This is how a kwaliteitsborger says 'this fire-rating check was done against this certificate'. Important for the dossier bevoegd gezag — the generated PDF must show these explicit links between checks and supporting evidence.",P0,0.5,"46,25",Finding/inspection page shows linked docs as thumbnails; opening renders file in PDF viewer; links saved to join table; dossier PDF includes them.,Not Started,,Kwaliteitsborger (links) · Aannemer (views),KB links certificates/drawings to inspections as evidence; Aannemer sees the links,P1-AN,Phase 2,Aannemer links certificates to findings as resolution evidence. Critical for dossier completeness.
48,Documents & Viewers,9,IFC viewer integration,"Integrate your existing IFC viewer component into the project detail view. Upload .ifc files via the same document pipeline (kind='model'). Render in the viewer pane on a dedicated 'Modellen' tab and as a modal from inspection screens. Support: 3D navigation, element selection, layer/category visibility toggles. Performance: large IFCs (>200MB) need progressive loading or downsampled preview. Reuses your existing viewer code so this is integration work, not viewer-building work.",P0,2,35,"User uploads .ifc, opens viewer, navigates 3D model on desktop and tablet; large files load progressively; element selection works.",Done,"packages/viewer (ThatOpen + Three.js) with plugin architecture (camera, selection, hover, viewcube, effects, pivot-rotate, magnifier). Dedicated /viewer route, ModelsTab on project detail, fragments worker pipeline. Element selection + properties panel + classes/stories tree. IFC extraction microservice produces .frag bundles.",Kwaliteitsborger + Aannemer,Both can navigate the 3D model; KB links elements to inspections,P1-AN,Phase 2,Aannemer views IFC model to understand the building and reference during finding resolution.
49,Documents & Viewers,9,IFC element linked to inspection,"When an inspector clicks an element in the IFC viewer, they can create or open an inspection for that element. The inspection record stores the IFC element GUID and the document_id of the IFC file. Findings can also reference elements. Reverse: clicking an element shows all related inspections/findings. This is the bridge to BIM-native workflows in v2 — you're not yet doing automated rule-checks against BIM properties, but the link is in place. Optional in MVP: skip if Week 9 runs tight.",P1,1.5,"48,25",Tapping a wall in the model shows inspections that reference it; creating an inspection from an element pre-fills the link; findings show their linked elements.,Done,"API: GET /projects/{pid}/files/{fid}/element-inspections?global_id={gid} endpoint (routers/element_inspections.py) returns linked ChecklistItems with results + moment context. Partial index ix_checklist_items_element_link on (linked_file_id, linked_element_global_id). Alembic tenant migration 0002_element_link_idx. 7 tests in test_element_inspections.py. Portal: InspectionsPanel.tsx + InspectionItemRow.tsx in features/viewer/inspections/. SidePanel wired with inspectionsContent prop. SideRail updated to ClipboardCheck icon + 'Inspections' label. Reverse navigation: clicking row re-selects element in 3D via useViewerEntityStore.select(). Bilingual i18n strings (viewerInspections) in en.json + nl.json. DEFERRED: 'Create inspection for element' action (requires borgingsplan picker dialog), finding-to-element linking (#25 not started).",Kwaliteitsborger,KB clicks IFC element to create/view linked inspections — BIM-native workflow,P1-AN,KB Layer,IFC element → inspection linking is KB's BIM-native workflow. Not relevant for aannemer standalone.
7,Multi-user Collaboration,10,User roles definition,"Define and enforce the role system: kwaliteitsborger (full inspect/sign), aannemer (read all, write inspections, mark findings resolved), opdrachtgever (read most), viewer (read minimal). Build a permission matrix mapping (role, resource, action) → allow/deny. Apply via middleware on every endpoint. Test exhaustively — write integration tests for every role × every endpoint. Critical: only the kwaliteitsborger can sign the verklaring; this is a legal constraint, not a UI suggestion. Audit log records role-related denials separately for security review.",P0,1.5,6,Permission matrix documented; integration tests pass for every role × endpoint combination; viewer cannot edit; only kwaliteitsborger can sign verklaring; denials logged.,Done,"ProjectRole enum: owner/editor/viewer + inspector (NL: kwaliteitsborger) + contractor (NL: aannemer) + client (NL: opdrachtgever). Permission matrix at auth/permissions.py (Resource x Action x Role -> frozenset, MappingProxyType read-only). Inspector sole holder of sign on completion_declaration. require_permission() enforced across ALL routers — zero remaining _require_role call-sites: inspection.py (1), borgingsplan.py (13), models.py (3), projects.py (2), project_files.py (4), risks.py (3). Tests: test_permissions.py (432 pinned cases) + test_permissions_helper.py (4). Permission denials audit-logged via log_permission_denied() (separate master session, survives 403 rollback) — wired at all require_permission() call-sites across risks.py, borgingsplan.py, inspection.py (via _require_moment_writable), project_files.py, and models.py.",Kwaliteitsborger + Aannemer,"Role system defines what each can do: KB inspects/signs, Aannemer resolves/files",P0-AN,Phase 3,"Role system needed when aannemer invites KB. Before that, aannemer is sole owner of all projects."
8,Multi-user Collaboration,10,Project-scoped invitations,"The owner (typically aannemer) invites users by email to a specific project, choosing a role from a dropdown. Each project is its own collaboration scope — no cross-org concept yet (deferred to v1.1). Email invite contains a signed token (JWT or random token in DB), valid 14 days. Pending invites visible on project settings. Re-invite, revoke, and change-role actions supported. This is dramatically simpler than full organization-level multi-tenancy and ships in days, not weeks.",P0,1.5,"6,7",Owner invites user by email with role; invitee receives email; pending invites listed; revoke and re-invite work; expired invites can be regenerated.,Done,"Org-level invitations: me_invitations.py (accept/decline/resend), email/invites.py (activation + notification emails), invitation_expiry.py (14-day TTL sweeper), guest project assignments, membership rules (last-admin invariant, seat counting). Portal: InvitationsPanel, InviteMemberDialog, MembersTable with status badges. Project-scoped: POST /projects/{project_id}/invitations in routers/projects.py (lines 799-971) — handles 3 scenarios (new_user, new_org_member, existing_org_member) with email notifications per scenario. ProjectInvitationCreate schema (email, role, full_name) in schemas/project.py.",Kwaliteitsborger + Aannemer,Either can invite the other to a project with a specific role,P0-AN,Phase 3,Aannemer invites KB to their project. This is the moment the contractor-first app upgrades to collaborative.
11,Multi-user Collaboration,10,Invitation acceptance & onboarding,"Invitee clicks email link → if not signed up, signup flow with email pre-filled; if signed up, log in. Accept invite → joined to project with assigned role → redirected to project dashboard with a brief tour ('You've been invited as a kwaliteitsborger. You can do X, Y, Z.'). Mark invite as accepted in audit log. Edge cases: invite to wrong email, invite already accepted, invite expired — all should have clear, actionable error messages. First-time user experience matters: this is the moment your champion's colleague decides if your tool is good.",P0,1,8,Invitee completes signup and lands on the project they were invited to; sees their role and what they can do; edge cases handled with clear messages.,Done,"Full accept/decline/resend flow: POST /me/invitations/{org_id}/accept|decline, GET /me/invitations, bootstrap auto-accept on first login (1 pending + 0 active → auto-join). Email: activation email for new users, invite-notification for existing verified users (email/invites.py). Expiry: 14-day TTL + InvitationExpirySweeper background task. Frontend: InvitationsPanel (list + accept/decline cards), InviteMemberDialog, MembersTable with status badges + context menus. Membership rules: last-admin invariant, seat counting (pending counts), guest constraints, self-action guard. Audit: per-action entries (invited, accepted, declined, expired, resent). Tests: test_invitations.py, test_invitation_expiry.py, test_membership_rules.py, test_org_guests.py. Notification events: emit_notification_for_org() emits invitation_sent (org-level in organization_members.py + project-scoped in projects.py) and invitation_accepted (me_invitations.py); tests in test_invitation_notifications.py. Post-accept onboarding tour: WelcomeDialog.tsx shows after accept with org name + role-specific capabilities (admin: manage team/create projects/full access; member: view projects/upload docs/track findings); bilingual nl+en strings under 'onboarding' key; 'Get started' CTA navigates to /projects.",Kwaliteitsborger + Aannemer,The invited party (KB or Aannemer) accepts and lands on the shared project,P0-AN,Phase 3,KB accepts aannemer's invitation and joins the project. The upgrade to collaborative mode.
50,Multi-user Collaboration,10,Activity feed per project,"On the project dashboard, show a feed of recent activity: 'Jan logged inspection at fundering, 2 hours ago', 'Marije created bevinding #12, yesterday'. Built on the audit log. Filter by user, by entity type, by date range. Limit to last 90 days for performance; older history accessible from the audit page. This is also what reassures the kwaliteitsborger that the aannemer is actively working — and reassures the aannemer that the kwaliteitsborger is engaged. Soft, but it keeps people in the product.",P1,1,"7,36","Project dashboard shows last 20 activity events with actor, action, time; filters work; performance acceptable on a 6-month-old project.",Not Started,Blocked by #36 audit log.,Kwaliteitsborger + Aannemer,Both see what the other has done — builds coordination and trust,P1-AN,Phase 3,Activity feed reassures aannemer that KB is engaged. Important for trust but not blocking.
38,Commercial,11,Subscription billing (Mollie),"Integrate Mollie for SEPA Direct Debit, iDEAL, and credit card. Set up subscription products matching pricing tiers. Webhooks update org subscription status (active, past_due, canceled). Handle dunning (failed payments) gracefully — 3 retries over 14 days before suspension. Use Mollie because it's Dutch, supports iDEAL natively, and Dutch B2B buyers expect it. Stripe is fine as a fallback but iDEAL support there is less native. Test with Mollie's sandbox before going live.",P0,2,6,"User subscribes, upgrades, cancels successfully via test cards; webhooks update org status; failed payments trigger dunning; sandbox tests pass.",Not Started,,Kwaliteitsborger + Aannemer,Both subscribe — KB plans and Aannemer plans priced separately,P0-AN,Phase 4,Aannemer subscribes and pays. iDEAL/SEPA are expected by Dutch contractors.
39,Commercial,11,Pricing tiers configuration,"Three tiers as discussed: Starter (€399/mo, 1 inspector or 3 active projects), Professional (€899/mo, 5 inspectors or 15 projects), Business (€1,899/mo, 15 inspectors or 50 projects). Limits enforced server-side: when user tries to add a 4th project on Starter, friendly upgrade prompt instead of error. Counts based on active (not archived) projects. Annual prepay option with 15% discount. Configure in code so changes are version-controlled, but make values easily updatable.",P0,1,38,Limits enforced when user exceeds plan; upgrade prompt shown with one-click flow; annual discount applied correctly; configuration version-controlled.,Not Started,,Kwaliteitsborger + Aannemer,Different tier limits for KB (by inspectors) vs Aannemer (by projects),P0-AN,Phase 4,Aannemer pricing tiers enforced (by active project count).
40,Commercial,11,"Privacy, ToS, DPA templates","Three legal documents: Privacy Policy, Terms of Service, and Data Processing Agreement (DPA). The DPA is the one Dutch B2B buyers WILL request before signing — have it ready as a PDF and editable Word doc. Get all three reviewed by a Dutch IT-law specialist (€500-1500 one-time). Cover: GDPR specifics, EU-only data residency, retention policy, sub-processors (Mollie, Postmark, S3 host), incident response, customer's controller obligations. Publish on website footer and in app settings.",P0,1,-,Documents reviewed and signed off by Dutch IT-law specialist; published on site; DPA is sendable to customers as PDF or Word.,Mostly Done,"Dutch + English placeholder routes at /[locale]/legal/{privacy,terms,dpa}. Shared layout with prominent 'concept – nog te beoordelen' draft banner + cross-page nav. Footer link from login page (AuthHeroBrand). DashboardFooter component (apps/portal/src/components/DashboardFooter.tsx) added below dashboard content with Privacy / Terms / DPA links + year copyright, bilingual nl/en strings under dashboardFooter in messages/*.json — every authenticated screen now has the DPA one click away. Tests: DashboardFooter.test.tsx (2 cases: en/nl labels resolve and link). REMAINING: Dutch IT-law specialist review of the copy, sendable PDF/Word DPA for procurement.",Platform,Legal documents — required for both buyer types,P0-AN,Phase 4,DPA required by aannemer procurement. Must be ready before first commercial sale.
41,Commercial,11,Founder admin panel,"Internal-only page accessible only to the founder. Capabilities: list all organizations, view any project, reset user passwords, impersonate a user (with mandatory reason and full audit log), suspend an organization, manually adjust subscription. Build cheap — Retool, Forest Admin, or a basic password-protected Next.js page. Without this, every customer support request becomes 'can you screenshot what you see?' — which is brutal. Impersonation MUST log to audit so customers can see if their account was accessed.",P0,1,"6,36",Founder can debug a customer issue without asking for credentials; impersonation events are logged to that customer's audit log.,Done,"API: admin_impersonate.py (start/stop with mandatory reason, audit log, imp JWT claim, impersonator_user_id on AuditLog), admin_organizations.py (list all orgs, view any project, audit log listing, org suspension). is_superuser flag on User model. Auth dependency resolves impersonator from token. Portal: /admin route group with Organizations page (CRUD, suspend/activate, seat usage), Users page (search, activate/deactivate, promote/demote superuser), Audit Log page (filter by action/resource/user/org/date). Password reset deliberately omitted — users self-service via /auth/forgot-password (rate-limited, email-verified); admin impersonation covers support edge cases. Subscription adjustment deferred to #38 Mollie integration.",Platform (founder),Internal admin tool — founder supports both KB and Aannemer customers,P0-AN,Phase 4,Founder admin needed to support aannemer customers.
42,Operations,12,Error tracking (Sentry),Sentry SDK in both frontend and backend. Source maps uploaded on each deploy so production errors show TypeScript line numbers. Alerts to Slack/email on new error fingerprints. Tag errors with org_id and project_id to triage by impact. Configure release tracking so you know which deploy introduced a regression. Free tier covers a small startup; upgrade only when you exceed quotas. Don't skip this — silent errors in compliance software are catastrophic.,P0,0.5,1,Test error appears in Sentry within 1 minute; source maps resolve correctly; new errors trigger Slack alert; release tracking shows current version.,Mostly Done,"Portal: @sentry/nextjs installed; sentry.{client,server,edge}.config.ts + src/instrumentation.ts; next.config.mjs wrapped with withSentryConfig (only when DSN set); tunnelRoute='/monitoring'. Release tag auto-resolves from SENTRY_RELEASE → VERCEL_GIT_COMMIT_SHA → GITHUB_SHA → GIT_SHA at both runtime (all three Sentry configs) and source-map upload time (next.config.mjs sentryWebpackOptions.release) so events match uploaded maps without manual wiring. SENTRY_AUTH_TOKEN forwarded into the webpack plugin. API: sentry-sdk[fastapi] installed; observability.init_sentry() called from create_app() with FastApiIntegration + StarletteIntegration + AsyncioIntegration. New observability.resolve_release() walks the same CI-env precedence as the portal. Both env-gated (no-op without DSN). Tests: test_observability.py (5 cases on the resolver). REMAINING: real DSN/org/project in deployment env, Slack alert wiring in the Sentry UI, real SENTRY_AUTH_TOKEN secret in CI.",Platform,Infrastructure — error tracking protects product quality for all users,P0-AN,Phase 4,Error tracking protects product quality for aannemer users.
43,Operations,12,Transactional email (Postmark),"All transactional emails (auth, invites, deadline reminders, billing) routed through Postmark with branded templates. Postmark is preferred over SES because it handles deliverability and you'll be sending compliance-critical reminders that MUST land in inbox, not spam. Set up SPF, DKIM, DMARC for your sending domain. Use Postmark's link tracking carefully — some compliance buyers don't want their email clicks tracked, so make it a per-tenant config later.",P0,1,29,Emails delivered to test addresses with <1% bounce; SPF/DKIM/DMARC pass on mail-tester.com; templates branded; reminder emails arrive on time.,Partial,PostmarkEmailTransport adapter shipped in apps/api/src/bimstitch_api/email/transport.py (httpx → POST https://api.postmarkapp.com/email). Selected at startup via EMAIL_TRANSPORT=postmark; falls back to SMTPEmailTransport for dev/MailHog. Settings: POSTMARK_SERVER_TOKEN, POSTMARK_MESSAGE_STREAM. Unit tests in tests/test_postmark_transport.py. REMAINING: Postmark account + server token, branded templates,P0-AN,Phase 4,"Aannemer receives deadline reminders, billing, and invite emails via Postmark.","Both receive transactional emails (invites, reminders, billing)",P0-AN,Phase 4,"Aannemer receives deadline reminders, billing, and invite emails via Postmark."
44,Operations,12,Daily automated backups,Postgres point-in-time recovery enabled (most managed providers do this) plus daily logical dump exported to a separate region (cross-EU). S3 versioning + cross-region replication for documents. Quarterly restore test: spin up a sandbox from yesterday's backup and verify data integrity. Document the restore procedure so anyone (not just you) can execute it. Backup failures must alert immediately. The 10-year retention obligation makes backup discipline non-optional.,P0,1,"3,35",Daily backups run automatically; cross-region copy verified; restore test passes within 1 hour; runbook documented.,Not Started,,Platform,Infrastructure — backups protect the 10-year evidence for both,P0-AN,Phase 4,Backups protect the aannemer's 10-year evidence chain.
45,Operations,12,Onboarding tour,First-time user walkthrough that gets them to value in <30 minutes: create project → pick instrument → generate borgingsplan from template → log first inspection → see generated borgingsplan PDF. Use a library like Shepherd.js or Driver.js or build with simple modals. Skippable but persistent until completed. Track completion as a funnel metric — drop-off here is your single most actionable adoption signal. Most B2B SaaS lives or dies in the first session.,P0,1.5,"12,17,19,33",New user reaches first generated PDF within 30 minutes from signup; tour completion is tracked; tour can be re-launched from help menu.,Not Started,,Kwaliteitsborger + Aannemer,Both get an onboarding tour — different emphasis per role,P0-AN,Phase 4,Aannemer onboarding tour: create project → set dates → see deadlines → upload first document → see dossier progress.
,,,,,,,,,,,,,,,
--- ALREADY-BUILT ITEMS (Pre-MVP) ---,,,,,,,,,,,,,,,
A1,BIM Foundation,Pre-MVP,IFC extraction microservice,"Standalone Fastify + BullMQ Node service (apps/extractor). Reads IFC from MinIO, parses with web-ifc, generates .frag bundle via @thatopen/fragments, extracts metadata + properties, uploads 3 artifacts back. Callbacks to API on running/succeeded/failed.",-,-,-,Already shipped — used as the upstream of the IFC viewer pipeline.,Done,apps/extractor; Dockerfile; queue 'ifc-extraction' on Redis; shared-secret auth between API and extractor.,Platform,Infrastructure — IFC extraction pipeline feeds the viewer,KB-only,KB Layer,IFC extraction is platform infrastructure for the viewer.
A2,BIM Foundation,Pre-MVP,IFC viewer (ThatOpen + Three.js),"packages/viewer with a plugin architecture (Plugin interface, PluginManager, EventBus, CommandRegistry). Built-in plugins: camera, selection, hover-highlight, keyboard-shortcuts, mouse-bindings, viewcube, effects, pivot-rotate, magnifier. Imperative ViewerHandle ref. WASM + fragments worker auto-copied via predev/prebuild hook.",-,-,-,Already shipped.,Done,"Listed under #48. Recent commits show ongoing polish: pivot-rotate, magnifier, near/far plane, page navigation, sidebar collapse.",Kwaliteitsborger + Aannemer,Both can navigate the 3D model,P1-AN,Phase 2,Aannemer can view 3D model to understand the building.
A3,Compliance,Pre-MVP,BBL/WKB compliance checker integration,"API connects to arbiter MCP server, queues compliance jobs (JobType.bbl_compliance_check / wkb_compliance_check), persists results, exposes summary/domain/article/trend endpoints to portal. Portal renders ComplianceHealthCard, ComplianceByDomainCard, ComplianceDonut, ComplianceBar, TrendSparkline, IssuesTab with element highlighting in IFC viewer.",-,-,-,Already partial-shipped — drives the dashboard.,Done (rules library separate),This is the rule-based engine — distinct from the kwaliteitsborger workflow on the backlog. Format-agnostic taxonomy per memory note.,Kwaliteitsborger (primary),Automated BBL/WKB rule checking — KB reviews results; future: Aannemer sees summary,KB-only,KB Layer,Automated BBL/WKB compliance checking is KB's domain.
A4,Project Shell,Pre-MVP,Project → Model → ProjectFile hierarchy,"Three-level model: Project owns Models (per discipline), Models own ProjectFiles (versioned uploads). Lets one project track multiple disciplines (architectural / structural / MEP) with independent file versions per discipline.",-,-,-,Already shipped.,Done,models/model.py with ModelDiscipline enum; ProjectFile.version_number unique per Model.,Platform,Infrastructure — Project → Model → File hierarchy,P0-AN,Phase 1,Infrastructure — project/model/file hierarchy used by aannemer's document uploads.
A5,Project Shell,Pre-MVP,Contractor entity + linkage,Contractor table linked to Project via contractor_id. CRUD endpoints + portal step in project wizard.,-,-,-,Already shipped.,Done,Useful for #8 invitation flow (invite contractor's team).,Aannemer,Contractor entity linked to project — Aannemer's company profile,P0-AN,Phase 1,This IS the aannemer. Contractor entity linked to project.
A6,Project Shell,Pre-MVP,BAG/PDOK address autocomplete + map preview,Portal integrates PDOK Locatieserver for Dutch address lookup → fills street/house_number/postal_code/city/municipality/bag_id. Lat/lng stored on Project; aerial map thumbnail rendered free from PDOK.,-,-,-,Already shipped.,Done,"lib/api/pdok.ts, AddressLookup.tsx, AddressMapPreview.tsx, mapThumbnail.ts.",Kwaliteitsborger + Aannemer,Both benefit from Dutch address autocomplete during project creation,P0-AN,Phase 1,Aannemer uses address autocomplete when creating projects.
A7,Project Shell,Pre-MVP,Project creation wizard,"Multi-step wizard: StepBasics → StepAddress → StepContractor → StepDetails. Already a proven pattern to extend with instrument selection (#10), gevolgklasse, bouwwerk type.",-,-,-,Already shipped.,Rework Planned,"[AANNEMER PIVOT] Wizard reorder: Basics → Address → Details. Contractor step removed. Instrument made visually optional with KB-will-select placeholder. || Original: features/projects/wizard/.",Kwaliteitsborger + Aannemer,Both use the project creation wizard,P0-AN,Phase 1,Aannemer uses project creation wizard as their entry point.
A8,Operations,Pre-MVP,Job tracking + WebSocket notifications,"Generic Job table with JobStatus/JobType enums, real-time progress over WebSocket via NotificationManager + Redis pub/sub. Used by extraction & compliance. Reuse for PDF generation (#34) and email reminder runs (#29).",-,-,-,Already shipped.,Done,"models/job.py, notifications/manager.py, ws_notifications router.",Platform,Infrastructure — job tracking for async tasks,P0-AN,Phase 3,Job tracking needed for PDF generation and email reminder scheduling.
A9,Storage,Pre-MVP,Two-phase presigned upload,POST initiate → presigned PUT → POST complete with HEAD verify + IFC header parse. Keeps API off the upload path while preserving validation. Reusable for photo uploads (#20) and certificate uploads (#27).,-,-,-,Already shipped.,Done,"routers/project_files.py, ifc/header.py.",Platform,Infrastructure — file upload pipeline,P0-AN,Phase 1,"Presigned upload used when aannemer uploads drawings, certificates, IFCs."
A10,Multi-tenancy,Pre-MVP,Postgres RLS multi-tenancy,"SET LOCAL ROLE bim_app + GUCs (app.current_org_id, app.current_user_id) inside a transaction-scoped session. Every tenant query is filtered at the DB level — defence-in-depth beyond app-level membership checks.",-,-,-,Already shipped.,Done,"tenancy.py, _rls_sql.py. Hard rule documented in CLAUDE.md (don't commit inside get_tenant_session).",Platform,Infrastructure — database-level tenant isolation,P0-AN,Phase 1,Multi-tenancy ensures aannemer's data is isolated from other organizations.
A11,Auth,Pre-MVP,JWT blocklist + dual-audience tokens,Logout writes JTI to Redis with TTL = remaining lifetime. Access (audience fastapi-users:auth) and refresh (audience bimstitch:refresh) tokens are separated by audience so a refresh token can never be presented as access.,-,-,-,Already shipped.,Done,"auth/tokens.py, auth/logout.py, cache/blocklist.py.",Platform,Infrastructure — auth security,P0-AN,Phase 1,Auth security for aannemer login sessions.
A12,Portal,Pre-MVP,Compliance dashboard widgets,"KPI strip, ComplianceDonut, DossierGauge, TrendSparkline, ComplianceBar, RulesBreakdown, HoldbackUnlock, IssueDetailModal. Visual foundation that can host borgingsplan/inspection/finding KPIs once those domain objects exist.",-,-,-,Already shipped.,Rework Planned,"[AANNEMER PIVOT] ComplianceByDomainCard replaced with ProjectOverviewCard (project info, map, dates). Header KPIs swapped from compliance metrics to deadlines/documents/delivery. || Original: features/projects/detail/, components/charts/.",Kwaliteitsborger + Aannemer,Both see compliance dashboard widgets on project detail,P1-AN,Phase 3,Dashboard widgets useful when KB joins and compliance data flows in.
A13,Portal,Pre-MVP,Theme + dark mode,"ThemeProvider with light/dark variants, design tokens consumed via @bimstitch/design-tokens. Sidebar collapse toggle.",-,-,-,Already shipped.,Done,,Kwaliteitsborger + Aannemer,Both benefit from theme and dark mode,P1-AN,Phase 1,"Theme and dark mode — nice UX for aannemer, not blocking."
A14,Portal,Pre-MVP,Project archive / reactivate,Soft-delete-style lifecycle (active/archived/removed) with REST endpoints + portal mutations (useArchiveProject / useReactivateProject / useDeleteProject).,-,-,-,Already shipped — pattern to generalize for #37.,Done,,Kwaliteitsborger + Aannemer,Both can archive/reactivate projects,P0-AN,Phase 1,Aannemer archives completed projects after gereedmelding.
A15,Quality,Pre-MVP,Test scaffolding,"23 pytest files in apps/api/tests/ covering signup, login, refresh, logout, verify, rate limits, project members, RLS for projects/models/files, IFC header, contractors, jobs, extraction. Vitest in apps/extractor and portal.",-,-,-,Already shipped.,Done,"apps/api/tests/, apps/extractor/tests/.",Platform,Infrastructure — test coverage,P0-AN,Phase 1,Test scaffolding — infrastructure quality.
A16,DevOps,Pre-MVP,Docker compose dev stack,"docker-compose.yml at repo root: postgres (5434), redis (6380), minio (9000/9001), mailhog (1025/8025), extractor (8088). One command brings up the full backing stack.",-,-,-,Already shipped.,Done,,Platform,Infrastructure — development environment,P0-AN,Phase 1,Dev stack — infrastructure.
A17,Export,Pre-MVP,Compliance issues CSV export,"Per-file CSV download of BBL/WKB rule violations from the IssuesTab. Columns: rule_id, article, status, severity, element_type, element_name, element_global_id, property_path, expected_value, actual_value, message. Streams from the latest succeeded compliance job — same auth + scope as the /latest endpoint.",-,-,-,Already shipped.,Done,GET /projects/{project_id}/models/{model_id}/files/{file_id}/compliance/export.csv (apps/api/src/bimstitch_api/routers/compliance.py); apiClient.getBlob + downloadComplianceCsv (apps/portal/src/lib/api/); Download CSV button on IssuesTab; tests in apps/api/tests/test_compliance_export.py.,Kwaliteitsborger (primary),KB exports compliance issues for review or reporting,KB-only,KB Layer,Compliance issues export is KB's reporting workflow.
A18,Export,Pre-MVP,Compliance rules CSV export,"Per-file CSV download of the per-rule summary (one row per rule with pass/warn/fail/skip/error counts). Columns: rule_id, article, title, title_nl, category, severity, total_checked, passed, warned, failed, skipped, errors. Lives next to the issues CSV; useful for portfolio-level reporting where per-element rows are too noisy.",-,-,-,Already shipped.,Done,GET /projects/{project_id}/models/{model_id}/files/{file_id}/compliance/export-rules.csv (apps/api/src/bimstitch_api/routers/compliance.py); downloadComplianceRulesCsv + shared triggerBrowserDownload helper (apps/portal/src/lib/api/); Download rules CSV button on the RulesBreakdown card header; tests in apps/api/tests/test_compliance_export.py.,Kwaliteitsborger (primary),KB exports compliance rules summary for portfolio reporting,KB-only,KB Layer,Compliance rules export is KB's reporting workflow.
,,,,,,,,,,,,,,,
NEW AANNEMER-SPECIFIC ITEMS,,,,,,,,,,,,,,,
N1,Contractor Dashboard,2,Aannemer home dashboard,"The contractor's primary landing page after login. Shows: urgent deadlines across all projects (color-coded red/yellow/green), open findings needing their action, document requests from KB, dossier completeness bars per project, and recent activity feed. This is the single most important screen for the aannemer — it answers 'am I going to get in trouble?' at a glance. Must work standalone (no KB in system) and upgrade gracefully when KB joins.",P0,2,"9,28","Contractor sees all projects with deadline status, open action items, and dossier progress on one page; data loads in <2 seconds.",Done,,Aannemer,This is the aannemer's daily home screen. KB never sees this view.,P0-AN,Phase 1,Opens every morning to check: any deadlines this week? any findings to resolve? any missing documents?
N2,Contractor Dashboard,3,Dossier completeness checklist,"Template-based checklist per building type (eengezinswoning, 2-onder-1-kap, bedrijfspand) showing what documents are typically required for a complete dossier bevoegd gezag. Categories: tekeningen, constructieberekeningen, brandwerendheidscertificaten, BENG-berekening, KB documenten (borgingsplan, verklaring), inspectie-evidence. Progress bar auto-updates as documents are uploaded. When KB joins the project, the generic template is replaced by the actual borgingsplan-derived requirements — the checklist upgrades seamlessly.",P0,2,"9,35",Contractor sees a progress bar and categorized checklist of required documents; uploading a certificate moves the bar; missing items clearly flagged with upload buttons.,Not Started,,Aannemer,Aannemer's core value — 'what do I still need before gereedmelding?' Most contractors have no idea until the last week. This prevents the panic.,P0-AN,Phase 1,Checks weekly: how complete is my dossier? What's still missing? Which certificates need to be requested from suppliers?
N3,Contractor Dashboard,3,KB document inbox,"Dedicated section in the Documenten tab where the contractor uploads documents received FROM the kwaliteitsborger: borgingsplan PDF, risicobeoordeling PDF, inspectieverslagen, verklaring. Tagged as 'KB document' with received date. Auto-maps to the dossier completeness checklist (uploading borgingsplan PDF marks that checklist item as complete). Works regardless of which tool the KB uses — this is what makes the app useful even when KB is on BKapp or Excel.",P0,1,"35,N2",Contractor uploads a PDF tagged as 'borgingsplan from KB'; dossier checklist auto-marks borgingsplan as received; document viewable inline.,Not Started,,Aannemer,Bridges the gap between 'KB uses their own tool' and 'contractor needs everything in one place for gereedmelding'.,P0-AN,Phase 1,Receives borgingsplan via email from KB → uploads it here → dossier checklist updates → one step closer to gereedmelding.
N4,Contractor Workflow,3,Bouwmelding / gereedmelding filing flow,"Aannemer-facing flow to prepare and track the filing of meldingen. For bouwmelding: system shows readiness checklist (borgingsplan received? risicobeoordeling received? all required docs present?), generates a downloadable ZIP/PDF package, aannemer files on Omgevingsloket manually, returns to mark as 'ingediend' with OLO reference number. Same pattern for gereedmelding (verklaring received? dossier complete?). Deadline card turns green on filing. Filing reference stored in audit log.",P0,1.5,"28,N2",Aannemer sees readiness status for each melding; downloads filing package; marks as filed with reference; deadline status updates; audit log records the filing event.,Not Started,,Aannemer,This is the aannemer's legal responsibility. The KB prepares documents; the aannemer files them with the gemeente.,P0-AN,Phase 1,3 days before bouwmelding deadline → opens filing flow → sees 'all documents ready' → downloads package → files on Omgevingsloket → enters reference → done.
N5,Contractor Workflow,4,Manual finding entry by aannemer,"Aannemer creates findings manually from the KB's inspection report (received as PDF or email, not in the system). Fields: description, severity, category (from Bbl categories), deadline, photos, linked documents. This is the contractor-first alternative to item #25 (auto-created from KB's failed inspections). When KB joins the system later, auto-creation supplements manual entry — both paths feed the same finding lifecycle. Important: the aannemer is logging what THEY need to fix, not doing the KB's job.",P0,1,9,"Aannemer creates a finding with description, severity, deadline; finding appears in project's findings tab; resolution workflow (#26/#27) applies identically to manual and auto-created findings.",Done,"Finding model + CRUD endpoints (POST/GET/PATCH/DELETE /projects/{id}/findings) + FindingFormDialog + FindingDetailModal + BevindingenTab + promotion workflow (draft→open requires deadline+assignee) + status lifecycle (draft/open/in_progress/resolved/verified) + notifications on promotion + audit trail + tenant isolation. RESOLVED: (1) contractor role granted Action.create on Resource.finding (read+create+update, no delete — mirrors inspector) so the aannemer-first flow returns 201 instead of 403; (2) photo_ids exposed in FindingCreate/FindingUpdate/FindingRead schemas + portal upload/thumbnail/remove UI (FindingPhotos) in create dialog and detail modal. Tests updated: contractor-create + photo_ids round-trip in test_findings.py; permission matrix in test_permissions.py.",Aannemer,KB emails inspection report → aannemer reads it → logs findings in BIM Dossier → tracks resolution → uploads evidence. Works without KB in the system.,P0-AN,Phase 2,Receives KB inspection report (PDF/email) → opens project → clicks 'Nieuwe bevinding' → fills in what needs to be fixed → assigns to foreman → tracks until resolved.
N6,Contractor Workflow,4,Certificate expiry warnings,"Automatically surface certificates with valid_until dates approaching expiry. Dashboard shows 'X certificates expire within 60 days'. Project dossier tab flags expired certificates with a red badge. Uploading a new version (refreshed certificate) clears the warning. If an expired certificate is referenced in a filed dossier, show a prominent warning. This is a cheap feature (~0.5 day) with disproportionate value — expired certificates are a common silent compliance failure.",P0,0.5,"35,N2",Certificate with valid_until < today+60d shows warning on dashboard and dossier tab; expired certificates show red badge; uploading a fresh version clears the warning.,Partial,"PARTIAL — WS2 shipped the foundation: Certificate.valid_until column plus list filters ?expired=true and ?expiring_before=<date> (routers/certificates.py), and a per-row red/amber/green expiry badge in CertificatesTab (getCertificateExpiryState, 30-day amber window). REMAINING: the dashboard 'X certificates expire within 60 days' aggregate (see post-MVP P2) and the expired-cert-in-filed-dossier prominent warning.",Aannemer,"Aannemer manages the certificate library. KB may flag missing certs, but the aannemer collects them from suppliers.",P0-AN,Phase 2,Sees '2 certificates expiring soon' on dashboard → clicks through → requests refreshed certificate from supplier → uploads → warning clears.
N7,Contractor Workflow,4,First-class Certificate entity (typed proof library),"Typed, filterable, expiry-aware certificate object — CE/DoP product certs, installation test reports, inspection certs, warranties — replacing generic attachments as the proof-of-conformity carrier for the Wkb dossier. Project-scoped now; the structured fields (type/number/issuer/validity) are library-ready for the Phase 2 org-owned reusable library (P5).",P0,2,35,"Contractor uploads a typed certificate with issuer/number/validity; list filters by type and by expiry; cross-project isolation 404s; client/viewer cannot create; the expiry badge reflects valid_until.",Done,"WS2 shipped. models/certificate.py (CertificateType product/installation_test/inspection/warranty/other + pending/ready/rejected status; mirrors Attachment upload columns plus structured fields valid_from/valid_until/issuer/certificate_number/subject and optional model linkage), schemas/certificate.py, routers/certificates.py (two-phase presigned upload; list with certificate_type + expiring_before + expired filters; download disposition attachment|inline; PATCH/DELETE; cross-project 404). Migration 0004_tenant_certificates. Resource.certificate added to the permission matrix (owner/editor read-write-delete, contractor read-write, inspector/viewer/client read). Portal: CertificatesTab + CertificateUploadDialog + red/amber/green expiry badge + new Certificaten tab in RightColumnTabs; bilingual certificates.* keys in en.json + nl.json. 20 tests in test_certificates.py; full API suite 741 passed; migration up/down reversibility verified.",Aannemer,Aannemer collects certificates from suppliers and owns the library; KB consumes them as evidence (read-only).,P0-AN,Phase 2,Uploads product/installation/inspection certificates from suppliers; filters by type; sees expiry status — the proof-of-conformity backbone of his dossier.
N8,Documents & Viewers,9,.ifcZIP (compressed IFC) ingestion,"Accept compressed IFC (.ifcZIP) end-to-end. Real model exchange routinely ships zipped IFC; the upload allowlist previously accepted only plain .ifc. The schema cannot be STEP-header-sniffed at the API (a zip starts with PK\x03\x04, not ISO-10303-21), so schema validation defers to the processor, which unzips and opens the first .ifc entry.",P1,0.5,48,".ifczip accepted at initiate; complete with zip-magic bytes flips ready and dispatches extraction with compressed=true; non-zip bytes under .ifczip are rejected; a zip with no .ifc entry fails cleanly; fragments render in the viewer.",Done,"WS1 shipped. API: ALLOWED_EXTENSIONS adds .ifczip → FileType.ifc (models/project_file.py); ifc/header.py ZIP_MAGIC + looks_like_zip(); project_files.py complete_upload splits on extension — the compressed path asserts zip magic on the 2KB peek (rejects not_zip), sets ifc_schema unknown, dispatches ifc_extraction with compressed=true. Processor: fflate dependency; extract.ts extractIfcFromZip() unzipSyncs the buffer and picks the first .ifc entry (fails clean if none) before openModel; uncompressed path unchanged. Portal model picker accepts .ifczip. Tests in test_project_files.py + processor vitest.",Aannemer,Both upload models; compressed IFC is common output from suppliers and BIM exporters.,P1-AN,Phase 2,Uploads compressed .ifcZIP models received from suppliers without manually unzipping first.
V1,Viewer Plugins,Pre-MVP,Screenshot plugin,"Viewer plugin to capture the current 3D viewport as PNG/JPEG. Supports custom resolution via offscreen render target, transparent backgrounds, and direct download. Commands: screenshot.capture (returns dataUrl), screenshot.download (triggers browser download).",-,-,A2,Toolbar button captures viewport as PNG; custom resolution works; transparent background option works.,Done,"screenshotPlugin() in packages/viewer/src/plugins/screenshot/index.ts. Registered as built-in in IfcViewer.tsx. Camera icon button in Toolbar.tsx. Commands: screenshot.capture, screenshot.download. Event: screenshot:captured.",Kwaliteitsborger + Aannemer,Both can capture viewport screenshots for reports or documentation,P1-AN,Phase 2,Aannemer captures model views for documentation.
V2,Viewer Plugins,Pre-MVP,Color coding plugin,"Viewer plugin that tints IFC elements by category or spatial structure using deterministic golden-ratio HSL palette. Supports custom color maps. Exposes legend data (group name, color, count) for UI rendering. Commands: colorCoding.apply, colorCoding.clear, colorCoding.toggle, colorCoding.legend.",-,-,"A2,classifier",Elements colored by IFC category or storey; toggle on/off works; legend data accessible via command.,Done,"colorCodingPlugin() in packages/viewer/src/plugins/color-coding/index.ts. Depends on classifier plugin. Palette icon button in Toolbar.tsx with active state tracking via colorCoding:change event. Auto-classifies on first apply if not yet classified.",Kwaliteitsborger + Aannemer,Both can visualize model elements by category or storey for quick orientation,P1-AN,Phase 2,Aannemer uses color coding to understand building structure by element type.
V3,Viewer Plugins,Pre-MVP,Exploder plugin,"Viewer plugin that separates model meshes spatially by storey (Y-axis offset) or category (radial offset) with animated transitions (ease-out quad, 600ms default). Groups tile meshes by bounding-box center into spatial bands, wraps in THREE.Group, animates offset. Commands: exploder.explode, exploder.reset, exploder.toggle, exploder.setFactor.",-,-,"A2,classifier",Storey explosion separates floors vertically with animation; category explosion spreads radially; toggle and reset work; model reload auto-resets.,Done,"exploderPlugin() in packages/viewer/src/plugins/exploder/index.ts. Depends on classifier plugin. Expand icon button in Toolbar.tsx with active state tracking via exploder:change event. Handles mesh reparenting for animation and cleanup on uninstall.",Kwaliteitsborger + Aannemer,Both can explode the model to inspect hidden elements between storeys or categories,P1-AN,Phase 2,Aannemer explodes model to inspect hidden assemblies and understand spatial relationships.
,,,,,,,,,,,,,,,
POST-MVP BACKLOG (quick wins first — ordered by effort),,,,,,,,,,,,,,,
P1,Documents & Viewers,Post-MVP,DWG/DXF attach-first (downloadable docs),"Allowlist .dwg/.dxf as downloadable documents (Attachment/Certificate/project_file storage only — no geometry parsing). Many trades still hand over DWG/DXF; today neither is accepted. Cheap Phase A: store + download + an unsupported-preview notice. Geometry overlay is the separate big-lift Phase B (P6).",P1,0.5,35,".dwg and .dxf upload, store, and download; an unsupported-preview notice is shown in the viewer; no geometry rendering is attempted.",Not Started,,Aannemer,Aannemer receives DWG/DXF from trades and needs them in the one dossier.,P1-AN,Phase 2,Uploads DWG/DXF drawings from subcontractors so every document lives in one dossier.
P2,Contractor Workflow,Post-MVP,Certificate-expiry dashboard aggregate,"Dashboard widget 'X certificates expire within 60 days' across all projects, plus an expired-cert-in-filed-dossier prominent warning. Completes N6 on top of the WS2 valid_until column and ?expiring_before / ?expired filters already shipped.",P1,0.5,"N7,N1","Home dashboard shows a count of certificates expiring within 60 days with click-through; a filed dossier that references an expired certificate shows a prominent warning.",Not Started,,Aannemer,Aannemer manages the cert library and chases suppliers for refreshes.,P0-AN,Phase 2,Sees '2 certificates expiring soon' on his home dashboard → uploads the new cert and the warning clears.
P3,Documents & Viewers,Post-MVP,Certificate → finding/inspection evidence linking,"Link certificates (not just attachments) to findings and inspections as named evidence, extending #47's reference-document pattern to the typed Certificate entity. Lets the aannemer attach a remediation/product certificate as resolution evidence and the dossier show the explicit check-to-proof link.",P1,1,"47,N7,27","A certificate can be linked to a finding as resolution evidence and to an inspection item; links render as thumbnails; the dossier PDF includes them.",Not Started,,Aannemer,Aannemer links certificates to findings as resolution proof; KB sees the links.,P1-AN,Phase 2,Closes a finding by attaching the supplier's remediation certificate as evidence.
P4,Documents & Viewers,Post-MVP,BCF 2.1/3.0 import/export,"Round-trip findings as BCF (a .bcfzip = zip of markup.bcf XML + viewpoints). Maps BCF Topic to our Finding so the aannemer exchanges issues with Solibri / BIMcollab / Navisworks. Net-new parser/serializer (the README's packages/bcf-parser does NOT exist in the live product). Sequenced after the finding model was hardened (WS3).",P1,4,"25,26,27","Importing a .bcfzip creates findings with viewpoints; exporting project findings yields a .bcfzip that opens in BIMcollab/Solibri; round-trip preserves topic id, status, and comments.",Not Started,,Kwaliteitsborger + Aannemer,Both exchange issues with external BIM-coordination tools via BCF.,P1-AN,Phase 2,Exports findings to BCF for the BIM coordinator and imports the coordinator's issues back.
P5,Contractor Workflow,Post-MVP,Org-owned reusable certificate library (Phase 2),"Promote certificates from project-scoped to org-owned reusable: relax project_id to nullable, add a cert-to-project link table, and add org-level list/clone endpoints. The buy-driver for the 'Paying, own org' model — the aannemer reuses one product certificate across many projects instead of re-uploading. WS2's structured fields were chosen library-ready; this is the deliberate Phase 2 seam.",P1,5,N7,"A certificate can be owned by the org and linked to multiple projects; an org-level library lists all certs; clone/link into a project works; existing project-scoped rows migrate cleanly.",Not Started,,Aannemer,Aannemer owns a cross-project certificate library — the reason to buy a paid org seat.,P0-AN,Phase 3,Uploads a product certificate once and reuses it across every project that uses that product.
P6,Documents & Viewers,Post-MVP,DWG/DXF 2D geometry overlay (Phase B),"Parse and render 2D DXF for overlay (dxf-parser handles DXF). DWG is proprietary and needs an ODA-class converter — a substantial third-party/licensing lift. Not scheduled; tracked as the explicit big-lift follow-on to P1's attach-first.",P2,8,P1,"DXF renders as a 2D overlay with layer toggles; DWG is converted via an ODA-class pipeline then rendered; performance is acceptable on large drawings.",Not Started,,Aannemer,"Aannemer views 2D drawings overlaid; heavy lift, low near-term priority.",P2-Deferred,Last,Views supplier DXF drawings directly in-app instead of downloading them to a CAD viewer.
